연도,순위,드라이버,국적,팀,포인트,승수
1950,1,Nino Farina,Italian,Alfa Romeo,30.0,3
1950,2,Juan Fangio,Argentine,Alfa Romeo,27.0,3
1950,3,Luigi Fagioli,Italian,Alfa Romeo,24.0,0
1950,4,Louis Rosier,French,Talbot-Lago,13.0,0
1950,5,Alberto Ascari,Italian,Ferrari,11.0,0
1950,6,Johnnie Parsons,American,Kurtis Kraft,9.0,1
1950,7,Bill Holland,American,Deidt,6.0,0
1950,8,Prince Bira,Thai,Maserati,5.0,0
1950,9,Peter Whitehead,British,Ferrari,4.0,0
1950,10,Louis Chiron,Monegasque,Maserati,4.0,0
1950,11,Reg Parnell,British,Alfa Romeo,4.0,0
1950,12,Mauri Rose,American,Deidt,4.0,0
1950,13,Dorino Serafini,Italian,Ferrari,3.0,0
1950,14,Yves Cabantous,French,Talbot-Lago,3.0,0
1950,15,Raymond Sommer,French,Ferrari,3.0,0
1950,16,Robert Manzon,French,Simca,3.0,0
1950,17,Cecil Green,American,Kurtis Kraft,3.0,0
1950,18,Philippe Étancelin,French,Talbot-Lago,3.0,0
1950,19,Felice Bonetto,Italian,Maserati,2.0,0
1950,20,Eugène Chaboud,French,Talbot-Lago,1.0,0
1950,21,Tony Bettenhausen,American,Kurtis Kraft,1.0,0
1950,22,Joie Chitwood,American,Kurtis Kraft,1.0,0
1950,0,Toulo de Graffenried,Swiss,Maserati,0.0,0
1950,0,Bob Gerard,British,ERA,0.0,0
1950,0,Luigi Villoresi,Italian,Ferrari,0.0,0
1950,0,Lee Wallard,American,Moore,0.0,0
1950,0,Charles Pozzi,French,Talbot-Lago,0.0,0
1950,0,Johnny Claes,Belgian,Talbot-Lago,0.0,0
1950,0,Pierre Levegh,French,Talbot-Lago,0.0,0
1950,0,Cuth Harrison,British,ERA,0.0,0
1951,1,Juan Fangio,Argentine,Alfa Romeo,31.0,3
1951,2,Alberto Ascari,Italian,Ferrari,25.0,2
1951,3,José Froilán González,Argentine,Talbot-Lago,24.0,1
1951,4,Nino Farina,Italian,Alfa Romeo,19.0,1
1951,5,Luigi Villoresi,Italian,Ferrari,15.0,0
1951,6,Piero Taruffi,Italian,Ferrari,10.0,0
1951,7,Lee Wallard,American,Kurtis Kraft,9.0,1
1951,8,Felice Bonetto,Italian,Alfa Romeo,7.0,0
1951,9,Mike Nazaruk,American,Kurtis Kraft,6.0,0
1951,10,Reg Parnell,British,Ferrari,5.0,0
1951,11,Luigi Fagioli,Italian,Alfa Romeo,4.0,1
1951,12,Consalvo Sanesi,Italian,Alfa Romeo,3.0,0
1951,13,Louis Rosier,French,Talbot-Lago,3.0,0
1951,14,Andy Linden,American,Sherman,3.0,0
1951,15,Jack McGrath,American,Kurtis Kraft,2.0,0
1951,16,Manny Ayulo,American,Kurtis Kraft,2.0,0
1951,17,Toulo de Graffenried,Swiss,Alfa Romeo,2.0,0
1951,18,Yves Cabantous,French,Talbot-Lago,2.0,0
1951,19,Bobby Ball,American,Schroeder,2.0,0
1951,0,Louis Chiron,Monegasque,Maserati,0.0,0
1951,0,Rudi Fischer,Swiss,Ferrari,0.0,0
1951,0,André Simon,French,Simca,0.0,0
1951,0,Henry Banks,American,Moore,0.0,0
1951,0,André Pilette,Belgian,Talbot-Lago,0.0,0
1951,0,Robert Manzon,French,Simca,0.0,0
1951,0,Johnny Claes,Belgian,Talbot-Lago,0.0,0
1951,0,Carl Forberg,American,Kurtis Kraft,0.0,0
1951,0,Peter Walker,British,BRM,0.0,0
1951,0,Pierre Levegh,French,Talbot-Lago,0.0,0
1951,0,Philippe Étancelin,French,Talbot-Lago,0.0,0
1952,1,Alberto Ascari,Italian,Ferrari,36.0,6
1952,2,Nino Farina,Italian,Ferrari,24.0,0
1952,3,Piero Taruffi,Italian,Ferrari,22.0,1
1952,4,Rudi Fischer,Swiss,Ferrari,10.0,0
1952,5,Mike Hawthorn,British,Cooper,10.0,0
1952,6,Robert Manzon,French,Gordini,9.0,0
1952,7,Troy Ruttman,American,Kuzma,8.0,1
1952,8,Luigi Villoresi,Italian,Ferrari,8.0,0
1952,9,José Froilán González,Argentine,Maserati,6.5,0
1952,10,Jim Rathmann,American,Kurtis Kraft,6.0,0
1952,11,Jean Behra,French,Gordini,6.0,0
1952,12,Sam Hanks,American,Kurtis Kraft,4.0,0
1952,13,Ken Wharton,British,Frazer Nash,3.0,0
1952,14,Dennis Poore,British,Connaught,3.0,0
1952,15,Duane Carter,American,Lesovsky,3.0,0
1952,16,Alan Brown,British,Cooper,2.0,0
1952,17,Maurice Trintignant,French,Simca,2.0,0
1952,18,Paul Frère,Belgian,HWM,2.0,0
1952,19,Felice Bonetto,Italian,Maserati,2.0,0
1952,20,Art Cross,American,Kurtis Kraft,2.0,0
1952,21,Eric Thompson,British,Connaught,2.0,0
1952,22,Bill Vukovich,American,Kurtis Kraft,1.0,0
1952,0,Roger Laurent,Belgian,HWM,0.0,0
1952,0,Toulo de Graffenried,Swiss,Maserati,0.0,0
1952,0,André Simon,French,Ferrari,0.0,0
1952,0,Peter Collins,British,HWM,0.0,0
1952,0,Jimmy Bryan,American,Kurtis Kraft,0.0,0
1952,0,Peter Hirt,Swiss,Ferrari,0.0,0
1952,0,Charles de Tornaco,Belgian,Ferrari,0.0,0
1952,0,Duncan Hamilton,British,HWM,0.0,0
1953,1,Alberto Ascari,Italian,Ferrari,34.5,5
1953,2,Juan Fangio,Argentine,Maserati,28.0,1
1953,3,Nino Farina,Italian,Ferrari,26.0,1
1953,4,Mike Hawthorn,British,Ferrari,19.0,1
1953,5,Luigi Villoresi,Italian,Ferrari,17.0,0
1953,6,José Froilán González,Argentine,Maserati,13.5,0
1953,7,Bill Vukovich,American,Kurtis Kraft,9.0,1
1953,8,Toulo de Graffenried,Swiss,Maserati,7.0,0
1953,9,Felice Bonetto,Italian,Maserati,6.5,0
1953,10,Art Cross,American,Kurtis Kraft,6.0,0
1953,11,Onofre Marimón,Argentine,Maserati,4.0,0
1953,12,Maurice Trintignant,French,Gordini,4.0,0
1953,13,Duane Carter,American,Kurtis Kraft,2.0,0
1953,14,Sam Hanks,American,Kurtis Kraft,2.0,0
1953,15,Oscar Gálvez,Argentine,Maserati,2.0,0
1953,16,Jack McGrath,American,Kurtis Kraft,2.0,0
1953,17,Hermann Lang,German,Maserati,2.0,0
1953,18,Paul Russo,American,Kurtis Kraft,1.5,0
1953,19,Fred Agabashian,American,Kurtis Kraft,1.5,0
1953,0,Stirling Moss,British,Connaught,0.0,0
1953,0,Jean Behra,French,Gordini,0.0,0
1953,0,Roberto Mieres,Argentine,Gordini,0.0,0
1953,0,Jimmy Daywalt,American,Kurtis Kraft,0.0,0
1953,0,Harry Schell,American,Gordini,0.0,0
1953,0,Louis Rosier,French,Ferrari,0.0,0
1953,0,Ken Wharton,British,Cooper,0.0,0
1953,0,Prince Bira,Thai,Connaught,0.0,0
1953,0,Jacques Swaters,American,Ferrari,0.0,0
1953,0,Eddie Johnson,American,Kurtis Kraft,0.0,0
1953,0,Jim Rathmann,American,Kurtis Kraft,0.0,0
1954,1,Juan Fangio,Argentine,Maserati,42.0,6
1954,2,José Froilán González,Argentine,Ferrari,25.14,1
1954,3,Mike Hawthorn,British,Ferrari,24.64,1
1954,4,Maurice Trintignant,French,Ferrari,17.0,0
1954,5,Karl Kling,German,Mercedes,12.0,0
1954,6,Bill Vukovich,American,Kurtis Kraft,8.0,1
1954,7,Hans Herrmann,German,Mercedes,8.0,0
1954,8,Nino Farina,Italian,Ferrari,6.0,0
1954,9,Luigi Musso,Italian,Maserati,6.0,0
1954,10,Jimmy Bryan,American,Kuzma,6.0,0
1954,11,Roberto Mieres,Argentine,Maserati,6.0,0
1954,12,Jack McGrath,American,Kurtis Kraft,5.0,0
1954,13,Stirling Moss,British,Maserati,4.14,0
1954,14,Onofre Marimón,Argentine,Maserati,4.14,0
1954,15,Robert Manzon,French,Ferrari,4.0,0
1954,16,Sergio Mantovani,Italian,Maserati,4.0,0
1954,17,Prince Bira,Thai,Maserati,3.0,0
1954,18,Umberto Maglioli,Italian,Ferrari,2.0,0
1954,19,André Pilette,Belgian,Gordini,2.0,0
1954,20,Luigi Villoresi,Italian,Maserati,2.0,0
1954,21,Élie Bayol,French,Gordini,2.0,0
1954,22,Mike Nazaruk,American,Kurtis Kraft,2.0,0
1954,23,Duane Carter,American,Kurtis Kraft,1.5,0
1954,24,Troy Ruttman,American,Kurtis Kraft,1.5,0
1954,25,Alberto Ascari,Italian,Maserati,1.1400000000000001,0
1954,26,Jean Behra,French,Gordini,0.14,0
1954,0,Harry Schell,American,Maserati,0.0,0
1954,0,Ken Wharton,British,Maserati,0.0,0
1954,0,Fred Wacker,American,Gordini,0.0,0
1954,0,Fred Agabashian,American,Kurtis Kraft,0.0,0
1955,1,Juan Fangio,Argentine,Mercedes,40.0,4
1955,2,Stirling Moss,British,Mercedes,23.0,1
1955,3,Eugenio Castellotti,Italian,Lancia,12.0,0
1955,4,Maurice Trintignant,French,Ferrari,10.0,1
1955,5,Nino Farina,Italian,Ferrari,9.0,0
1955,6,Piero Taruffi,Italian,Ferrari,9.0,0
1955,7,Bob Sweikert,American,Kurtis Kraft,8.0,1
1955,8,Roberto Mieres,Argentine,Maserati,7.0,0
1955,9,Jean Behra,French,Maserati,6.0,0
1955,10,Luigi Musso,Italian,Maserati,6.0,0
1955,11,Karl Kling,German,Mercedes,5.0,0
1955,12,Jimmy Davies,American,Kurtis Kraft,4.0,0
1955,13,Tony Bettenhausen,American,Kurtis Kraft,3.0,0
1955,14,Paul Russo,American,Kurtis Kraft,3.0,0
1955,15,Paul Frère,Belgian,Ferrari,3.0,0
1955,16,Johnny Thomson,American,Kuzma,3.0,0
1955,17,José Froilán González,Argentine,Ferrari,2.0,0
1955,18,Cesare Perdisa,Italian,Maserati,2.0,0
1955,19,Carlos Menditeguy,Argentine,Maserati,2.0,0
1955,20,Luigi Villoresi,Italian,Lancia,2.0,0
1955,21,Umberto Maglioli,Italian,Ferrari,1.33,0
1955,22,Hans Herrmann,German,Mercedes,1.0,0
1955,23,Walt Faulkner,American,Kurtis Kraft,1.0,0
1955,24,Bill Homeier,American,Kurtis Kraft,1.0,0
1955,25,Bill Vukovich,American,Kurtis Kraft,1.0,0
1955,0,Mike Hawthorn,British,Vanwall,0.0,0
1955,0,Harry Schell,American,Maserati,0.0,0
1955,0,Louis Chiron,Monegasque,Lancia,0.0,0
1955,0,Andy Linden,American,Kurtis Kraft,0.0,0
1955,0,Jacques Pollet,French,Gordini,0.0,0
1956,1,Juan Fangio,Argentine,Ferrari,30.0,3
1956,2,Stirling Moss,British,Maserati,27.0,2
1956,3,Peter Collins,British,Ferrari,25.0,2
1956,4,Jean Behra,French,Maserati,22.0,0
1956,5,Pat Flaherty,American,Watson,8.0,1
1956,6,Eugenio Castellotti,Italian,Ferrari,7.5,0
1956,7,Sam Hanks,American,Kurtis Kraft,6.0,0
1956,8,Paul Frère,Belgian,Ferrari,6.0,0
1956,9,Paco Godia,Spanish,Maserati,6.0,0
1956,10,Jack Fairman,British,Connaught,5.0,0
1956,11,Luigi Musso,Italian,Ferrari,4.0,1
1956,12,Mike Hawthorn,British,Maserati,4.0,0
1956,13,Ron Flockhart,British,BRM,4.0,0
1956,14,Don Freeland,American,Phillips,4.0,0
1956,15,Alfonso de Portago,Spanish,Ferrari,3.0,0
1956,16,Cesare Perdisa,Italian,Maserati,3.0,0
1956,17,Harry Schell,American,Vanwall,3.0,0
1956,18,Johnnie Parsons,American,Kurtis Kraft,3.0,0
1956,19,Louis Rosier,French,Maserati,2.0,0
1956,20,Luigi Villoresi,Italian,Maserati,2.0,0
1956,21,Horace Gould,British,Maserati,2.0,0
1956,22,Hernando da Silva Ramos,Brazilian,Gordini,2.0,0
1956,23,Olivier Gendebien,Belgian,Ferrari,2.0,0
1956,24,Dick Rathmann,American,Kurtis Kraft,2.0,0
1956,25,Gerino Gerini,Italian,Maserati,1.5,0
1956,26,Chico Landi,Brazilian,Maserati,1.5,0
1956,27,Paul Russo,American,Kurtis Kraft,1.0,0
1956,0,André Pilette,Belgian,Gordini,0.0,0
1956,0,Luigi Piotti,Italian,Maserati,0.0,0
1956,0,Óscar González,Uruguayan,Maserati,0.0,0
1957,1,Juan Fangio,Argentine,Maserati,40.0,4
1957,2,Stirling Moss,British,Maserati,25.0,3
1957,3,Luigi Musso,Italian,Ferrari,16.0,0
1957,4,Mike Hawthorn,British,Ferrari,13.0,0
1957,5,Tony Brooks,British,Vanwall,11.0,1
1957,6,Masten Gregory,American,Maserati,10.0,0
1957,7,Harry Schell,American,Maserati,10.0,0
1957,8,Sam Hanks,American,Epperly,8.0,1
1957,9,Peter Collins,British,Ferrari,8.0,0
1957,10,Jim Rathmann,American,Epperly,7.0,0
1957,11,Jean Behra,French,Maserati,6.0,0
1957,12,Stuart Lewis-Evans,British,Connaught,5.0,0
1957,13,Maurice Trintignant,French,Ferrari,5.0,0
1957,14,Wolfgang von Trips,German,Ferrari,4.0,0
1957,15,Carlos Menditeguy,Argentine,Maserati,4.0,0
1957,16,Jimmy Bryan,American,Kuzma,4.0,0
1957,17,Paul Russo,American,Kurtis Kraft,3.0,0
1957,18,Roy Salvadori,British,BRM,2.0,0
1957,19,Andy Linden,American,Kurtis Kraft,2.0,0
1957,20,Giorgio Scarlatti,Italian,Maserati,1.0,0
1957,21,José Froilán González,Argentine,Ferrari,1.0,0
1957,22,Alfonso de Portago,Spanish,Ferrari,1.0,0
1957,0,Jack Brabham,Australian,Cooper,0.0,0
1957,0,Cesare Perdisa,Italian,Ferrari,0.0,0
1957,0,Johnny Boyd,American,Kurtis Kraft,0.0,0
1957,0,Bob Gerard,British,Cooper,0.0,0
1957,0,Jo Bonnier,Swedish,Maserati,0.0,0
1957,0,Marshall Teague,American,Kurtis Kraft,0.0,0
1957,0,Mike MacDowel,British,Cooper,0.0,0
1957,0,Ivor Bueb,British,Connaught,0.0,0
1958,1,Mike Hawthorn,British,Ferrari,42.0,1
1958,2,Stirling Moss,British,Cooper,41.0,4
1958,3,Tony Brooks,British,Vanwall,24.0,3
1958,4,Roy Salvadori,British,Cooper,15.0,0
1958,5,Peter Collins,British,Ferrari,14.0,1
1958,6,Harry Schell,American,Maserati,14.0,0
1958,7,Maurice Trintignant,French,Cooper,12.0,1
1958,8,Luigi Musso,Italian,Ferrari,12.0,0
1958,9,Stuart Lewis-Evans,British,Vanwall,11.0,0
1958,10,Phil Hill,American,Maserati,9.0,0
1958,11,Wolfgang von Trips,German,Ferrari,9.0,0
1958,12,Jean Behra,French,Maserati,9.0,0
1958,13,Jimmy Bryan,American,Epperly,8.0,1
1958,14,Juan Fangio,Argentine,Maserati,7.0,0
1958,15,George Amick,American,Epperly,6.0,0
1958,16,Johnny Boyd,American,Kurtis Kraft,4.0,0
1958,17,Tony Bettenhausen,American,Epperly,4.0,0
1958,18,Jack Brabham,Australian,Cooper,3.0,0
1958,19,Cliff Allison,British,Team Lotus,3.0,0
1958,20,Jo Bonnier,Swedish,Maserati,3.0,0
1958,21,Jim Rathmann,American,Epperly,2.0,0
1958,0,Masten Gregory,American,Maserati,0.0,0
1958,0,Carroll Shelby,American,Maserati,0.0,0
1958,0,Bruce McLaren,New Zealander,Cooper,0.0,0
1958,0,Graham Hill,British,Team Lotus,0.0,0
1958,0,Olivier Gendebien,Belgian,Ferrari,0.0,0
1958,0,Jimmy Reece,American,Watson,0.0,0
1958,0,Edgar Barth,German,Porsche,0.0,0
1958,0,Ian Burgess,British,Cooper,0.0,0
1958,0,Carlos Menditeguy,Argentine,Maserati,0.0,0
1959,1,Jack Brabham,Australian,Cooper-Climax,31.0,2
1959,2,Tony Brooks,British,Ferrari,27.0,2
1959,3,Stirling Moss,British,Cooper-Climax,25.5,2
1959,4,Phil Hill,American,Ferrari,20.0,0
1959,5,Maurice Trintignant,French,Cooper-Climax,19.0,0
1959,6,Bruce McLaren,New Zealander,Cooper-Climax,16.5,1
1959,7,Dan Gurney,American,Ferrari,13.0,0
1959,8,Jo Bonnier,Swedish,BRM,10.0,1
1959,9,Masten Gregory,American,Cooper-Climax,10.0,0
1959,10,Rodger Ward,American,Watson,8.0,1
1959,11,Jim Rathmann,American,Watson,6.0,0
1959,12,Johnny Thomson,American,Lesovsky,5.0,0
1959,13,Harry Schell,American,BRM,5.0,0
1959,14,Innes Ireland,British,Team Lotus,5.0,0
1959,15,Olivier Gendebien,Belgian,Ferrari,3.0,0
1959,16,Tony Bettenhausen,American,Epperly,3.0,0
1959,17,Cliff Allison,British,Ferrari,2.0,0
1959,18,Jean Behra,French,Ferrari,2.0,0
1959,19,Paul Goldsmith,American,Epperly,2.0,0
1959,0,Roy Salvadori,British,Cooper-Maserati,0.0,0
1959,0,Ron Flockhart,British,BRM,0.0,0
1959,0,Ian Burgess,British,Cooper-Maserati,0.0,0
1959,0,Wolfgang von Trips,German,Porsche,0.0,0
1959,0,Johnny Boyd,American,Epperly,0.0,0
1959,0,Graham Hill,British,Team Lotus,0.0,0
1959,0,Duane Carter,American,Kurtis Kraft,0.0,0
1959,0,Harry Blanchard,American,Porsche,0.0,0
1959,0,Carroll Shelby,American,Aston Martin,0.0,0
1959,0,Giorgio Scarlatti,Italian,Maserati,0.0,0
1959,0,Alan Stacey,British,Team Lotus,0.0,0
1960,1,Jack Brabham,Australian,Cooper-Climax,43.0,5
1960,2,Bruce McLaren,New Zealander,Cooper-Climax,34.0,1
1960,3,Stirling Moss,British,Cooper-Climax,19.0,2
1960,4,Innes Ireland,British,Team Lotus,18.0,0
1960,5,Phil Hill,American,Ferrari,16.0,1
1960,6,Olivier Gendebien,Belgian,Cooper-Climax,10.0,0
1960,7,Wolfgang von Trips,German,Ferrari,10.0,0
1960,8,Jim Rathmann,American,Watson,8.0,1
1960,9,Richie Ginther,American,Ferrari,8.0,0
1960,10,Jim Clark,British,Team Lotus,8.0,0
1960,11,Tony Brooks,British,Cooper-Climax,7.0,0
1960,12,John Surtees,British,Team Lotus,6.0,0
1960,13,Cliff Allison,British,Ferrari,6.0,0
1960,14,Rodger Ward,American,Watson,6.0,0
1960,15,Graham Hill,British,BRM,4.0,0
1960,16,Willy Mairesse,Belgian,Ferrari,4.0,0
1960,17,Paul Goldsmith,American,Epperly,4.0,0
1960,18,Jo Bonnier,Swedish,BRM,4.0,0
1960,19,Henry Taylor,British,Cooper-Climax,3.0,0
1960,20,Carlos Menditeguy,Argentine,Cooper-Maserati,3.0,0
1960,21,Don Branson,American,Phillips,3.0,0
1960,22,Giulio Cabianca,Italian,Cooper-Castellotti,3.0,0
1960,23,Johnny Thomson,American,Lesovsky,2.0,0
1960,24,Lucien Bianchi,Belgian,Cooper-Climax,1.0,0
1960,25,Ron Flockhart,British,Team Lotus,1.0,0
1960,26,Eddie Johnson,American,Trevis,1.0,0
1960,27,Hans Herrmann,German,Porsche,1.0,0
1960,0,Maurice Trintignant,French,Cooper-Climax,0.0,0
1960,0,Lloyd Ruby,American,Watson,0.0,0
1960,0,Edgar Barth,German,Porsche,0.0,0
1961,1,Phil Hill,American,Ferrari,34.0,2
1961,2,Wolfgang von Trips,German,Ferrari,33.0,2
1961,3,Stirling Moss,British,Lotus-Climax,21.0,2
1961,4,Dan Gurney,American,Porsche,21.0,0
1961,5,Richie Ginther,American,Ferrari,16.0,0
1961,6,Innes Ireland,British,Lotus-Climax,12.0,1
1961,7,Jim Clark,British,Lotus-Climax,11.0,0
1961,8,Bruce McLaren,New Zealander,Cooper-Climax,11.0,0
1961,9,Giancarlo Baghetti,Italian,Ferrari,9.0,1
1961,10,Tony Brooks,British,BRM,6.0,0
1961,11,Jack Brabham,Australian,Cooper-Climax,4.0,0
1961,12,John Surtees,British,Cooper-Climax,4.0,0
1961,13,Jackie Lewis,British,Cooper-Climax,3.0,0
1961,14,Olivier Gendebien,Belgian,Emeryson,3.0,0
1961,15,Jo Bonnier,Swedish,Porsche,3.0,0
1961,16,Graham Hill,British,BRM,3.0,0
1961,17,Roy Salvadori,British,Cooper-Climax,2.0,0
1961,0,Maurice Trintignant,French,Cooper-Maserati,0.0,0
1961,0,Carel Godin de Beaufort,Dutch,Porsche,0.0,0
1961,0,Lorenzo Bandini,Italian,Cooper-Maserati,0.0,0
1961,0,Cliff Allison,British,Lotus-Climax,0.0,0
1961,0,Roger Penske,American,Cooper-Climax,0.0,0
1961,0,Hans Herrmann,German,Porsche,0.0,0
1961,0,Peter Ryan,Canadian,Lotus-Climax,0.0,0
1961,0,Masten Gregory,American,Cooper-Climax,0.0,0
1961,0,Henry Taylor,British,Lotus-Climax,0.0,0
1961,0,Tim Parnell,British,Lotus-Climax,0.0,0
1961,0,Hap Sharp,American,Cooper-Climax,0.0,0
1961,0,Tony Maggs,South African,Lotus-Climax,0.0,0
1961,0,Michael May,Swiss,Lotus-Climax,0.0,0
1962,1,Graham Hill,British,BRM,42.0,4
1962,2,Jim Clark,British,Lotus-Climax,30.0,3
1962,3,Bruce McLaren,New Zealander,Cooper-Climax,27.0,1
1962,4,John Surtees,British,Lola,19.0,0
1962,5,Dan Gurney,American,Porsche,15.0,1
1962,6,Phil Hill,American,Ferrari,14.0,0
1962,7,Tony Maggs,South African,Cooper-Climax,13.0,0
1962,8,Richie Ginther,American,BRM,10.0,0
1962,9,Jack Brabham,Australian,Lotus-Climax,9.0,0
1962,10,Trevor Taylor,British,Lotus-Climax,6.0,0
1962,11,Giancarlo Baghetti,Italian,Ferrari,5.0,0
1962,12,Lorenzo Bandini,Italian,Ferrari,4.0,0
1962,13,Ricardo Rodríguez,Mexican,Ferrari,4.0,0
1962,14,Willy Mairesse,Belgian,Ferrari,3.0,0
1962,15,Jo Bonnier,Swedish,Porsche,3.0,0
1962,16,Innes Ireland,British,Lotus-Climax,2.0,0
1962,17,Carel Godin de Beaufort,Dutch,Porsche,2.0,0
1962,18,Masten Gregory,American,Lotus-Climax,1.0,0
1962,19,Neville Lederle,South African,Lotus-Climax,1.0,0
1962,0,Maurice Trintignant,French,Lotus-Climax,0.0,0
1962,0,Jackie Lewis,British,Cooper-Climax,0.0,0
1962,0,John Love,Rhodesian,Cooper-Climax,0.0,0
1962,0,Nino Vaccarella,Italian,Lotus-Climax,0.0,0
1962,0,Lucien Bianchi,Belgian,Lotus-Climax,0.0,0
1962,0,Roger Penske,American,Lotus-Climax,0.0,0
1962,0,Bruce Johnstone,South African,BRM,0.0,0
1962,0,Jo Siffert,Swiss,Lotus-Climax,0.0,0
1962,0,Rob Schroeder,British,Lotus-Climax,0.0,0
1962,0,Ernie Pieterse,South African,Lotus-Climax,0.0,0
1962,0,Ian Burgess,British,Cooper-Climax,0.0,0
1963,1,Jim Clark,British,Lotus-Climax,54.0,7
1963,2,Graham Hill,British,BRM,29.0,2
1963,3,Richie Ginther,American,BRM,29.0,0
1963,4,John Surtees,British,Ferrari,22.0,1
1963,5,Dan Gurney,American,Brabham,19.0,0
1963,6,Bruce McLaren,New Zealander,Cooper-Climax,17.0,0
1963,7,Jack Brabham,Australian,Lotus-Climax,14.0,0
1963,8,Tony Maggs,South African,Cooper-Climax,9.0,0
1963,9,Innes Ireland,British,Lotus-BRM,6.0,0
1963,10,Lorenzo Bandini,Italian,BRM,6.0,0
1963,11,Jo Bonnier,Swedish,Cooper-Climax,6.0,0
1963,12,Gerhard Mitter,German,Porsche,3.0,0
1963,13,Jim Hall,American,Lotus-BRM,3.0,0
1963,14,Carel Godin de Beaufort,Dutch,Porsche,2.0,0
1963,15,Jo Siffert,Swiss,Lotus-BRM,1.0,0
1963,16,Trevor Taylor,British,Lotus-Climax,1.0,0
1963,17,Ludovico Scarfiotti,Italian,Ferrari,1.0,0
1963,0,Chris Amon,New Zealander,Lola,0.0,0
1963,0,Hap Sharp,American,Lotus-BRM,0.0,0
1963,0,Peter Broeker,Canadian,Stebro,0.0,0
1963,0,Maurice Trintignant,French,Lola,0.0,0
1963,0,Mike Hailwood,British,Lotus-Climax,0.0,0
1963,0,Tony Settember,American,Scirocco,0.0,0
1963,0,John Love,Rhodesian,Cooper-Climax,0.0,0
1963,0,Bernard Collomb,French,Lotus-Climax,0.0,0
1963,0,Phil Hill,American,ATS,0.0,0
1963,0,Masten Gregory,American,Lotus-BRM,0.0,0
1963,0,Moisés Solana,Mexican,BRM,0.0,0
1963,0,Doug Serrurier,South African,LDS,0.0,0
1963,0,Bob Anderson,British,Lola,0.0,0
1964,1,John Surtees,British,Ferrari,40.0,2
1964,2,Graham Hill,British,BRM,39.0,2
1964,3,Jim Clark,British,Lotus-Climax,32.0,3
1964,4,Lorenzo Bandini,Italian,Ferrari,23.0,1
1964,5,Richie Ginther,American,BRM,23.0,0
1964,6,Dan Gurney,American,Brabham-Climax,19.0,2
1964,7,Bruce McLaren,New Zealander,Cooper-Climax,13.0,0
1964,8,Jack Brabham,Australian,Brabham-Climax,11.0,0
1964,9,Peter Arundell,British,Lotus-Climax,11.0,0
1964,10,Jo Siffert,Swiss,Lotus-BRM,7.0,0
1964,11,Bob Anderson,British,Brabham-Climax,5.0,0
1964,12,Mike Spence,British,Lotus-Climax,4.0,0
1964,13,Tony Maggs,South African,BRM,4.0,0
1964,14,Innes Ireland,British,Lotus-BRM,4.0,0
1964,15,Jo Bonnier,Swedish,Cooper-Climax,3.0,0
1964,16,Chris Amon,New Zealander,Lotus-BRM,2.0,0
1964,17,Maurice Trintignant,French,BRM,2.0,0
1964,18,Walt Hansgen,American,Lotus-Climax,2.0,0
1964,19,Phil Hill,American,Cooper-Climax,1.0,0
1964,20,Trevor Taylor,British,BRP,1.0,0
1964,21,Mike Hailwood,British,Lotus-BRM,1.0,0
1964,22,Pedro Rodríguez,Mexican,Ferrari,1.0,0
1964,0,Giancarlo Baghetti,Italian,BRM,0.0,0
1964,0,Gerhard Mitter,German,Lotus-Climax,0.0,0
1964,0,Ludovico Scarfiotti,Italian,Ferrari,0.0,0
1964,0,Moisés Solana,Mexican,Lotus-Climax,0.0,0
1964,0,Peter Revson,American,Lotus-BRM,0.0,0
1964,0,Hap Sharp,American,Brabham-BRM,0.0,0
1964,0,Ronnie Bucknum,American,Honda,0.0,0
1964,0,John Taylor,British,Cooper-Climax,0.0,0
1965,1,Jim Clark,British,Lotus-Climax,54.0,6
1965,2,Graham Hill,British,BRM,40.0,2
1965,3,Jackie Stewart,British,BRM,33.0,1
1965,4,Dan Gurney,American,Brabham-Climax,25.0,0
1965,5,John Surtees,British,Ferrari,17.0,0
1965,6,Lorenzo Bandini,Italian,Ferrari,13.0,0
1965,7,Richie Ginther,American,Honda,11.0,1
1965,8,Mike Spence,British,Lotus-Climax,10.0,0
1965,9,Bruce McLaren,New Zealander,Cooper-Climax,10.0,0
1965,10,Jack Brabham,Australian,Brabham-Climax,9.0,0
1965,11,Denny Hulme,New Zealander,Brabham-Climax,5.0,0
1965,12,Jo Siffert,Swiss,Brabham-BRM,5.0,0
1965,13,Jochen Rindt,Austrian,Cooper-Climax,4.0,0
1965,14,Pedro Rodríguez,Mexican,Ferrari,2.0,0
1965,15,Ronnie Bucknum,American,Honda,2.0,0
1965,16,Richard Attwood,British,Lotus-BRM,2.0,0
1965,0,Jo Bonnier,Swedish,Brabham-Climax,0.0,0
1965,0,Frank Gardner,Australian,Brabham-BRM,0.0,0
1965,0,Masten Gregory,American,BRM,0.0,0
1965,0,Bob Anderson,British,Brabham-Climax,0.0,0
1965,0,Innes Ireland,British,Lotus-BRM,0.0,0
1965,0,Paul Hawkins,Australian,Brabham-Ford,0.0,0
1965,0,Bob Bondurant,American,Ferrari,0.0,0
1965,0,Peter de Klerk,South African,Alfa Romeo,0.0,0
1965,0,Tony Maggs,South African,Lotus-BRM,0.0,0
1965,0,Ian Raby,British,Brabham-BRM,0.0,0
1965,0,Moisés Solana,Mexican,Lotus-Climax,0.0,0
1965,0,Lucien Bianchi,Belgian,BRM,0.0,0
1965,0,Nino Vaccarella,Italian,Ferrari,0.0,0
1965,0,Sam Tingle,Rhodesian,LDS-Alfa Romeo,0.0,0
1966,1,Jack Brabham,Australian,Brabham-Repco,42.0,4
1966,2,John Surtees,British,Ferrari,28.0,2
1966,3,Jochen Rindt,Austrian,Cooper-Maserati,22.0,0
1966,4,Denny Hulme,New Zealander,Brabham-Climax,18.0,0
1966,5,Graham Hill,British,BRM,17.0,0
1966,6,Jim Clark,British,Lotus-Climax,16.0,1
1966,7,Jackie Stewart,British,BRM,14.0,1
1966,8,Mike Parkes,British,Ferrari,12.0,0
1966,9,Lorenzo Bandini,Italian,Ferrari,12.0,0
1966,10,Ludovico Scarfiotti,Italian,Ferrari,9.0,1
1966,11,Richie Ginther,American,Cooper-Maserati,5.0,0
1966,12,Dan Gurney,American,Eagle-Climax,4.0,0
1966,13,Mike Spence,British,Lotus-BRM,4.0,0
1966,14,Bob Bondurant,American,BRM,3.0,0
1966,15,Jo Siffert,Swiss,Brabham-BRM,3.0,0
1966,16,Bruce McLaren,New Zealander,McLaren-Ford,3.0,0
1966,17,Peter Arundell,British,Lotus-BRM,1.0,0
1966,18,Jo Bonnier,Swedish,Cooper-Maserati,1.0,0
1966,19,Bob Anderson,British,Brabham-Climax,1.0,0
1966,20,John Taylor,British,Brabham-BRM,1.0,0
1966,0,Chris Irwin,British,Brabham-Climax,0.0,0
1966,0,Ronnie Bucknum,American,Honda,0.0,0
1966,0,Chris Amon,New Zealander,Cooper-Maserati,0.0,0
1966,0,Guy Ligier,French,Cooper-Maserati,0.0,0
1966,0,Giacomo Russo,Italian,Lotus-Climax,0.0,0
1966,0,Chris Lawrence,British,Cooper-Ferrari,0.0,0
1966,0,Innes Ireland,British,BRM,0.0,0
1966,0,Pedro Rodríguez,Mexican,Lotus-Climax,0.0,0
1966,0,Giancarlo Baghetti,Italian,Ferrari,0.0,0
1966,0,Vic Wilson,British,BRM,0.0,0
1967,1,Denny Hulme,New Zealander,Brabham-Repco,51.0,2
1967,2,Jack Brabham,Australian,Brabham-Repco,48.0,2
1967,3,Jim Clark,British,Lotus-BRM,41.0,4
1967,4,John Surtees,British,Honda,20.0,1
1967,5,Chris Amon,New Zealander,Ferrari,20.0,0
1967,6,Pedro Rodríguez,Mexican,Cooper-Maserati,15.0,1
1967,7,Graham Hill,British,Lotus-BRM,15.0,0
1967,8,Dan Gurney,American,Eagle-Climax,13.0,1
1967,9,Jackie Stewart,British,BRM,10.0,0
1967,10,Mike Spence,British,BRM,9.0,0
1967,11,John Love,Rhodesian,Cooper-Climax,6.0,0
1967,12,Jo Siffert,Swiss,Cooper-Maserati,6.0,0
1967,13,Jochen Rindt,Austrian,Cooper-Maserati,6.0,0
1967,14,Bruce McLaren,New Zealander,McLaren-BRM,3.0,0
1967,15,Jo Bonnier,Swedish,Cooper-Maserati,3.0,0
1967,16,Chris Irwin,British,Lotus-BRM,2.0,0
1967,17,Bob Anderson,British,Brabham-Climax,2.0,0
1967,18,Mike Parkes,British,Ferrari,2.0,0
1967,19,Jacky Ickx,Belgian,Matra,1.0,0
1967,20,Ludovico Scarfiotti,Italian,Ferrari,1.0,0
1967,21,Guy Ligier,French,Cooper-Maserati,1.0,0
1967,0,Jackie Oliver,British,Lotus-Ford,0.0,0
1967,0,Jean-Pierre Beltoise,French,Matra,0.0,0
1967,0,Alan Rees,British,Cooper-Maserati,0.0,0
1967,0,David Hobbs,British,BRM,0.0,0
1967,0,Jonathan Williams,British,Ferrari,0.0,0
1967,0,Richard Attwood,British,Cooper-Maserati,0.0,0
1967,0,Mike Fisher,American,Lotus-BRM,0.0,0
1967,0,Dave Charlton,South African,Brabham-Climax,0.0,0
1967,0,Lorenzo Bandini,Italian,Ferrari,0.0,0
1968,1,Graham Hill,British,Lotus-Ford,48.0,3
1968,2,Jackie Stewart,British,Matra-Ford,36.0,3
1968,3,Denny Hulme,New Zealander,McLaren-BRM,33.0,2
1968,4,Jacky Ickx,Belgian,Ferrari,27.0,1
1968,5,Bruce McLaren,New Zealander,McLaren-Ford,22.0,1
1968,6,Pedro Rodríguez,Mexican,BRM,18.0,0
1968,7,Jo Siffert,Swiss,Cooper-Maserati,12.0,1
1968,8,John Surtees,British,Honda,12.0,0
1968,9,Jean-Pierre Beltoise,French,Matra-Ford,11.0,0
1968,10,Chris Amon,New Zealander,Ferrari,10.0,0
1968,11,Jim Clark,British,Lotus-Ford,9.0,1
1968,12,Jochen Rindt,Austrian,Brabham-Repco,8.0,0
1968,13,Richard Attwood,British,BRM,6.0,0
1968,14,Johnny Servoz-Gavin,French,Matra-Ford,6.0,0
1968,15,Jackie Oliver,British,Lotus-Ford,6.0,0
1968,16,Ludovico Scarfiotti,Italian,Cooper-BRM,6.0,0
1968,17,Lucien Bianchi,Belgian,Cooper-BRM,5.0,0
1968,18,Vic Elford,British,Cooper-BRM,5.0,0
1968,19,Brian Redman,British,Cooper-Maserati,4.0,0
1968,20,Piers Courage,British,BRM,4.0,0
1968,21,Dan Gurney,American,Eagle-Weslake,3.0,0
1968,22,Jo Bonnier,Swedish,Cooper-Maserati,3.0,0
1968,23,Jack Brabham,Australian,Brabham-Repco,2.0,0
1968,24,Silvio Moser,Swiss,Brabham-Repco,2.0,0
1968,0,Henri Pescarolo,French,Matra,0.0,0
1968,0,John Love,Rhodesian,Brabham-Repco,0.0,0
1968,0,Hubert Hahne,German,Lola,0.0,0
1968,0,Kurt Ahrens,German,Brabham-Repco,0.0,0
1968,0,Jackie Pretorius,South African,Brabham-Climax,0.0,0
1968,0,David Hobbs,British,Honda,0.0,0
1969,1,Jackie Stewart,British,Matra-Ford,63.0,6
1969,2,Jacky Ickx,Belgian,Brabham-Ford,37.0,2
1969,3,Bruce McLaren,New Zealander,McLaren-Ford,26.0,0
1969,4,Jochen Rindt,Austrian,Lotus-Ford,22.0,1
1969,5,Jean-Pierre Beltoise,French,Matra-Ford,21.0,0
1969,6,Denny Hulme,New Zealander,McLaren-Ford,20.0,1
1969,7,Graham Hill,British,Lotus-Ford,19.0,1
1969,8,Piers Courage,British,Brabham-Ford,16.0,0
1969,9,Jo Siffert,Swiss,Lotus-Ford,15.0,0
1969,10,Jack Brabham,Australian,Brabham-Ford,14.0,0
1969,11,John Surtees,British,BRM,6.0,0
1969,12,Chris Amon,New Zealander,Ferrari,4.0,0
1969,13,Richard Attwood,British,Lotus-Ford,3.0,0
1969,14,Vic Elford,British,Cooper-Maserati,3.0,0
1969,15,Pedro Rodríguez,Mexican,BRM,3.0,0
1969,16,Silvio Moser,Swiss,Brabham-Ford,1.0,0
1969,17,Jackie Oliver,British,BRM,1.0,0
1969,18,Johnny Servoz-Gavin,French,Matra-Ford,1.0,0
1969,0,Pete Lovely,American,Lotus-Ford,0.0,0
1969,0,Sam Tingle,Rhodesian,Brabham-Repco,0.0,0
1969,0,John Miles,British,Lotus-Ford,0.0,0
1969,0,Bill Brack,Canadian,BRM,0.0,0
1969,0,Peter de Klerk,South African,Brabham-Repco,0.0,0
1969,0,George Eaton,Canadian,BRM,0.0,0
1969,0,Jo Bonnier,Swedish,Lotus-Ford,0.0,0
1969,0,Mario Andretti,American,Lotus-Ford,0.0,0
1969,0,Al Pease,Canadian,Eagle-Climax,0.0,0
1969,0,John Love,Rhodesian,Lotus-Ford,0.0,0
1969,0,Derek Bell,British,McLaren-Ford,0.0,0
1969,0,John Cordts,Canadian,Brabham-Climax,0.0,0
1970,1,Jochen Rindt,Austrian,Team Lotus,45.0,5
1970,2,Jacky Ickx,Belgian,Ferrari,40.0,3
1970,3,Clay Regazzoni,Swiss,Ferrari,33.0,1
1970,4,Denny Hulme,New Zealander,McLaren-Ford,27.0,0
1970,5,Jackie Stewart,British,March,25.0,1
1970,6,Jack Brabham,Australian,Brabham,25.0,1
1970,7,Pedro Rodríguez,Mexican,BRM,23.0,1
1970,8,Chris Amon,New Zealander,March,23.0,0
1970,9,Jean-Pierre Beltoise,French,Matra,16.0,0
1970,10,Emerson Fittipaldi,Brazilian,Team Lotus,12.0,1
1970,11,Rolf Stommelen,German,Brabham,10.0,0
1970,12,Henri Pescarolo,French,Matra,8.0,0
1970,13,Graham Hill,British,Team Lotus,7.0,0
1970,14,Bruce McLaren,New Zealander,McLaren-Ford,6.0,0
1970,15,Reine Wisell,Swedish,Team Lotus,4.0,0
1970,16,Mario Andretti,American,March,4.0,0
1970,17,Ignazio Giunti,Italian,Ferrari,3.0,0
1970,18,John Surtees,British,McLaren-Ford,3.0,0
1970,19,John Miles,British,Team Lotus,2.0,0
1970,20,Jackie Oliver,British,BRM,2.0,0
1970,21,Johnny Servoz-Gavin,French,March,2.0,0
1970,22,François Cevert,French,March,1.0,0
1970,23,Peter Gethin,British,McLaren-Ford,1.0,0
1970,24,Dan Gurney,American,McLaren-Ford,1.0,0
1970,25,Derek Bell,British,Brabham,1.0,0
1970,0,Jo Siffert,Swiss,March,0.0,0
1970,0,Ronnie Peterson,Swedish,March,0.0,0
1970,0,Andrea de Adamich,Italian,McLaren-Alfa Romeo,0.0,0
1970,0,John Love,Rhodesian,Team Lotus,0.0,0
1970,0,George Eaton,Canadian,BRM,0.0,0
1971,1,Jackie Stewart,British,Tyrrell,62.0,6
1971,2,Ronnie Peterson,Swedish,March-Ford,33.0,0
1971,3,François Cevert,French,Tyrrell,26.0,1
1971,4,Jacky Ickx,Belgian,Ferrari,19.0,1
1971,5,Jo Siffert,Swiss,BRM,19.0,1
1971,6,Emerson Fittipaldi,Brazilian,Lotus-Ford,16.0,0
1971,7,Clay Regazzoni,Swiss,Ferrari,13.0,0
1971,8,Mario Andretti,American,Ferrari,12.0,1
1971,9,Peter Gethin,British,McLaren,9.0,1
1971,10,Pedro Rodríguez,Mexican,BRM,9.0,0
1971,11,Chris Amon,New Zealander,Matra,9.0,0
1971,12,Reine Wisell,Swedish,Lotus-Ford,9.0,0
1971,13,Denny Hulme,New Zealander,McLaren,9.0,0
1971,14,Tim Schenken,Australian,Brabham,5.0,0
1971,15,Howden Ganley,New Zealander,BRM,5.0,0
1971,16,Mark Donohue,American,McLaren,4.0,0
1971,17,Henri Pescarolo,French,March-Ford,4.0,0
1971,18,Mike Hailwood,British,Surtees,3.0,0
1971,19,John Surtees,British,Surtees,3.0,0
1971,20,Rolf Stommelen,German,Surtees,3.0,0
1971,21,Graham Hill,British,Brabham,2.0,0
1971,22,Jean-Pierre Beltoise,French,Matra,1.0,0
1971,0,Jackie Oliver,British,McLaren,0.0,0
1971,0,Brian Redman,British,Surtees,0.0,0
1971,0,Gijs van Lennep,Dutch,Surtees,0.0,0
1971,0,Jo Bonnier,Swedish,McLaren,0.0,0
1971,0,David Hobbs,British,McLaren,0.0,0
1971,0,Nanni Galli,Italian,March-Ford,0.0,0
1971,0,Helmut Marko,Austrian,BRM,0.0,0
1971,0,Andrea de Adamich,Italian,March-Alfa Romeo,0.0,0
1972,1,Emerson Fittipaldi,Brazilian,Team Lotus,61.0,5
1972,2,Jackie Stewart,British,Tyrrell,45.0,4
1972,3,Denny Hulme,New Zealander,McLaren,39.0,1
1972,4,Jacky Ickx,Belgian,Ferrari,27.0,1
1972,5,Peter Revson,American,McLaren,23.0,0
1972,6,François Cevert,French,Tyrrell,15.0,0
1972,7,Clay Regazzoni,Swiss,Ferrari,15.0,0
1972,8,Mike Hailwood,British,Surtees,13.0,0
1972,9,Ronnie Peterson,Swedish,March,12.0,0
1972,10,Chris Amon,New Zealander,Matra,12.0,0
1972,11,Jean-Pierre Beltoise,French,BRM,9.0,1
1972,12,Mario Andretti,American,Ferrari,4.0,0
1972,13,Howden Ganley,New Zealander,BRM,4.0,0
1972,14,Brian Redman,British,McLaren,4.0,0
1972,15,Graham Hill,British,Brabham,4.0,0
1972,16,Carlos Reutemann,Argentine,Brabham,3.0,0
1972,17,Andrea de Adamich,Italian,Surtees,3.0,0
1972,18,Carlos Pace,Brazilian,March,3.0,0
1972,19,Tim Schenken,Australian,Surtees,2.0,0
1972,20,Arturo Merzario,Italian,Ferrari,1.0,0
1972,21,Peter Gethin,British,BRM,1.0,0
1972,0,Wilson Fittipaldi,Brazilian,Brabham,0.0,0
1972,0,Niki Lauda,Austrian,March,0.0,0
1972,0,Patrick Depailler,French,Tyrrell,0.0,0
1972,0,Helmut Marko,Austrian,BRM,0.0,0
1972,0,Mike Beuttler,British,March,0.0,0
1972,0,Henri Pescarolo,French,March,0.0,0
1972,0,David Walker,Australian,Team Lotus,0.0,0
1972,0,Jody Scheckter,South African,McLaren,0.0,0
1972,0,Rolf Stommelen,German,March,0.0,0
1973,1,Jackie Stewart,British,Tyrrell,71.0,5
1973,2,Emerson Fittipaldi,Brazilian,Team Lotus,55.0,3
1973,3,Ronnie Peterson,Swedish,Team Lotus,52.0,4
1973,4,François Cevert,French,Tyrrell,47.0,0
1973,5,Peter Revson,American,McLaren,38.0,2
1973,6,Denny Hulme,New Zealander,McLaren,26.0,1
1973,7,Carlos Reutemann,Argentine,Brabham,16.0,0
1973,8,James Hunt,British,March,14.0,0
1973,9,Jacky Ickx,Belgian,Ferrari,12.0,0
1973,10,Jean-Pierre Beltoise,French,BRM,9.0,0
1973,11,Carlos Pace,Brazilian,Surtees,7.0,0
1973,12,Arturo Merzario,Italian,Ferrari,6.0,0
1973,13,George Follmer,American,Shadow,5.0,0
1973,14,Jackie Oliver,British,Shadow,4.0,0
1973,15,Andrea de Adamich,Italian,Surtees,3.0,0
1973,16,Wilson Fittipaldi,Brazilian,Brabham,3.0,0
1973,17,Niki Lauda,Austrian,BRM,2.0,0
1973,18,Clay Regazzoni,Swiss,BRM,2.0,0
1973,19,Howden Ganley,New Zealander,Iso Marlboro,1.0,0
1973,20,Gijs van Lennep,Dutch,Iso Marlboro,1.0,0
1973,21,Chris Amon,New Zealander,Tecno,1.0,0
1973,0,Mike Hailwood,British,Surtees,0.0,0
1973,0,Mike Beuttler,British,March,0.0,0
1973,0,Jochen Mass,German,Surtees,0.0,0
1973,0,Henri Pescarolo,French,March,0.0,0
1973,0,Graham Hill,British,Shadow,0.0,0
1973,0,Nanni Galli,Italian,Iso Marlboro,0.0,0
1973,0,David Purley,British,March,0.0,0
1973,0,Jody Scheckter,South African,McLaren,0.0,0
1973,0,Rolf Stommelen,German,Brabham,0.0,0
1974,1,Emerson Fittipaldi,Brazilian,McLaren,55.0,3
1974,2,Clay Regazzoni,Swiss,Ferrari,52.0,1
1974,3,Jody Scheckter,South African,Tyrrell,45.0,2
1974,4,Niki Lauda,Austrian,Ferrari,38.0,2
1974,5,Ronnie Peterson,Swedish,Team Lotus,35.0,3
1974,6,Carlos Reutemann,Argentine,Brabham,32.0,3
1974,7,Denny Hulme,New Zealander,McLaren,20.0,1
1974,8,James Hunt,British,March,15.0,0
1974,9,Patrick Depailler,French,Tyrrell,14.0,0
1974,10,Jacky Ickx,Belgian,Team Lotus,12.0,0
1974,11,Mike Hailwood,British,McLaren,12.0,0
1974,12,Carlos Pace,Brazilian,Surtees,11.0,0
1974,13,Jean-Pierre Beltoise,French,BRM,10.0,0
1974,14,Jean-Pierre Jarier,French,Shadow,6.0,0
1974,15,John Watson,British,Brabham,6.0,0
1974,16,Hans-Joachim Stuck,German,March,5.0,0
1974,17,Arturo Merzario,Italian,Iso Marlboro,4.0,0
1974,18,Graham Hill,British,Lola,1.0,0
1974,19,Tom Pryce,British,Token,1.0,0
1974,20,Vittorio Brambilla,Italian,March,1.0,0
1974,0,Guy Edwards,British,Lola,0.0,0
1974,0,David Hobbs,British,McLaren,0.0,0
1974,0,Jochen Mass,German,Surtees,0.0,0
1974,0,Brian Redman,British,Shadow,0.0,0
1974,0,Mario Andretti,American,Parnelli,0.0,0
1974,0,Howden Ganley,New Zealander,March,0.0,0
1974,0,Tom Belsø,Danish,Iso Marlboro,0.0,0
1974,0,Rikky von Opel,Liechtensteiner,Brabham,0.0,0
1974,0,Henri Pescarolo,French,BRM,0.0,0
1974,0,Chris Amon,New Zealander,Amon,0.0,0
1975,1,Niki Lauda,Austrian,Ferrari,64.5,5
1975,2,Emerson Fittipaldi,Brazilian,McLaren,45.0,2
1975,3,Carlos Reutemann,Argentine,Brabham,37.0,1
1975,4,James Hunt,British,Hesketh,33.0,1
1975,5,Clay Regazzoni,Swiss,Ferrari,25.0,1
1975,6,Carlos Pace,Brazilian,Brabham,24.0,1
1975,7,Jody Scheckter,South African,Tyrrell,20.0,1
1975,8,Jochen Mass,German,McLaren,20.0,1
1975,9,Patrick Depailler,French,Tyrrell,12.0,0
1975,10,Tom Pryce,British,Shadow-Ford,8.0,0
1975,11,Vittorio Brambilla,Italian,March,6.5,1
1975,12,Jacques Laffite,French,Williams,6.0,0
1975,13,Ronnie Peterson,Swedish,Team Lotus,6.0,0
1975,14,Mario Andretti,American,Parnelli,5.0,0
1975,15,Mark Donohue,American,Penske,4.0,0
1975,16,Jacky Ickx,Belgian,Team Lotus,3.0,0
1975,17,Alan Jones,Australian,Hesketh,2.0,0
1975,18,Jean-Pierre Jarier,French,Shadow-Ford,1.5,0
1975,19,Tony Brise,British,Williams,1.0,0
1975,20,Gijs van Lennep,Dutch,Ensign,1.0,0
1975,21,Lella Lombardi,Italian,March,0.5,0
1975,0,Rolf Stommelen,German,Lola,0.0,0
1975,0,John Watson,British,Surtees,0.0,0
1975,0,Harald Ertl,Austrian,Hesketh,0.0,0
1975,0,Hans-Joachim Stuck,German,March,0.0,0
1975,0,Bob Evans,British,BRM,0.0,0
1975,0,Wilson Fittipaldi,Brazilian,Fittipaldi,0.0,0
1975,0,Graham Hill,British,Lola,0.0,0
1975,0,Brett Lunger,American,Hesketh,0.0,0
1975,0,Torsten Palm,Swedish,Hesketh,0.0,0
1976,1,James Hunt,British,McLaren,66.0,6
1976,2,Niki Lauda,Austrian,Ferrari,64.0,5
1976,3,Jody Scheckter,South African,Tyrrell,48.0,1
1976,4,Patrick Depailler,French,Tyrrell,39.0,0
1976,5,Clay Regazzoni,Swiss,Ferrari,31.0,1
1976,6,Mario Andretti,American,Team Lotus,22.0,1
1976,7,John Watson,British,Penske,20.0,1
1976,8,Jacques Laffite,French,Ligier,20.0,0
1976,9,Jochen Mass,German,McLaren,19.0,0
1976,10,Gunnar Nilsson,Swedish,Team Lotus,11.0,0
1976,11,Ronnie Peterson,Swedish,Team Lotus,10.0,1
1976,12,Tom Pryce,British,Shadow,10.0,0
1976,13,Hans-Joachim Stuck,German,March,8.0,0
1976,14,Carlos Pace,Brazilian,Brabham-Alfa Romeo,7.0,0
1976,15,Alan Jones,Australian,Surtees,7.0,0
1976,16,Carlos Reutemann,Argentine,Brabham-Alfa Romeo,3.0,0
1976,17,Emerson Fittipaldi,Brazilian,Fittipaldi,3.0,0
1976,18,Chris Amon,New Zealander,Ensign,2.0,0
1976,19,Vittorio Brambilla,Italian,March,1.0,0
1976,20,Rolf Stommelen,German,Brabham-Alfa Romeo,1.0,0
1976,0,Harald Ertl,Austrian,Hesketh,0.0,0
1976,0,Jean-Pierre Jarier,French,Shadow,0.0,0
1976,0,Jacky Ickx,Belgian,Wolf,0.0,0
1976,0,Larry Perkins,Australian,Boro,0.0,0
1976,0,Henri Pescarolo,French,Surtees,0.0,0
1976,0,Arturo Merzario,Italian,March,0.0,0
1976,0,Renzo Zorzi,Italian,Williams,0.0,0
1976,0,Noritake Takahara,Japanese,Surtees,0.0,0
1976,0,Michel Leclère,French,Wolf,0.0,0
1976,0,Brett Lunger,American,Surtees,0.0,0
1977,1,Niki Lauda,Austrian,Ferrari,70.0,3
1977,2,Jody Scheckter,South African,Wolf,55.0,3
1977,3,Mario Andretti,American,Team Lotus,47.0,4
1977,4,Carlos Reutemann,Argentine,Ferrari,41.0,1
1977,5,James Hunt,British,McLaren,40.0,3
1977,6,Jochen Mass,German,McLaren,25.0,0
1977,7,Alan Jones,Australian,Shadow,22.0,1
1977,8,Gunnar Nilsson,Swedish,Team Lotus,20.0,1
1977,9,Patrick Depailler,French,Tyrrell,20.0,0
1977,10,Jacques Laffite,French,Ligier,18.0,1
1977,11,Hans-Joachim Stuck,German,March,12.0,0
1977,12,Emerson Fittipaldi,Brazilian,Fittipaldi,11.0,0
1977,13,John Watson,British,Brabham,9.0,0
1977,14,Ronnie Peterson,Swedish,Tyrrell,7.0,0
1977,15,Carlos Pace,Brazilian,Brabham,6.0,0
1977,16,Vittorio Brambilla,Italian,Surtees,6.0,0
1977,17,Clay Regazzoni,Swiss,Ensign,5.0,0
1977,18,Patrick Tambay,French,Surtees,5.0,0
1977,19,Jean-Pierre Jarier,French,Penske,1.0,0
1977,20,Riccardo Patrese,Italian,Shadow,1.0,0
1977,21,Renzo Zorzi,Italian,Shadow,1.0,0
1977,0,Rupert Keegan,British,Hesketh,0.0,0
1977,0,Patrick Nève,Belgian,March,0.0,0
1977,0,Vern Schuppan,Australian,Surtees,0.0,0
1977,0,Ingo Hoffmann,Brazilian,Fittipaldi,0.0,0
1977,0,Danny Ongais,American,Penske,0.0,0
1977,0,Alex Ribeiro,Brazilian,March,0.0,0
1977,0,Hans Binder,Austrian,Surtees,0.0,0
1977,0,Brett Lunger,American,March,0.0,0
1977,0,Harald Ertl,Austrian,Hesketh,0.0,0
1978,1,Mario Andretti,American,Team Lotus,64.0,6
1978,2,Ronnie Peterson,Swedish,Team Lotus,51.0,2
1978,3,Carlos Reutemann,Argentine,Ferrari,48.0,4
1978,4,Niki Lauda,Austrian,Brabham,44.0,2
1978,5,Patrick Depailler,French,Tyrrell,34.0,1
1978,6,John Watson,British,Brabham,25.0,0
1978,7,Jody Scheckter,South African,Wolf,24.0,0
1978,8,Jacques Laffite,French,Ligier,19.0,0
1978,9,Gilles Villeneuve,Canadian,Ferrari,17.0,1
1978,10,Emerson Fittipaldi,Brazilian,Fittipaldi,17.0,0
1978,11,Alan Jones,Australian,Williams,11.0,0
1978,12,Riccardo Patrese,Italian,Arrows,11.0,0
1978,13,James Hunt,British,McLaren,8.0,0
1978,14,Patrick Tambay,French,McLaren,8.0,0
1978,15,Didier Pironi,French,Tyrrell,7.0,0
1978,16,Clay Regazzoni,Swiss,Shadow,4.0,0
1978,17,Jean-Pierre Jabouille,French,Renault,3.0,0
1978,18,Hans-Joachim Stuck,German,Shadow,2.0,0
1978,19,Vittorio Brambilla,Italian,Surtees,1.0,0
1978,20,Derek Daly,Irish,Hesketh,1.0,0
1978,21,Hector Rebaque,Mexican,Team Lotus,1.0,0
1978,0,Brett Lunger,American,McLaren,0.0,0
1978,0,Bruno Giacomelli,Italian,McLaren,0.0,0
1978,0,Jochen Mass,German,ATS,0.0,0
1978,0,Jean-Pierre Jarier,French,ATS,0.0,0
1978,0,René Arnoux,French,Martini,0.0,0
1978,0,Rolf Stommelen,German,Arrows,0.0,0
1978,0,Nelson Piquet,Brazilian,Ensign,0.0,0
1978,0,Keke Rosberg,Finnish,Theodore,0.0,0
1978,0,Rupert Keegan,British,Surtees,0.0,0
1979,1,Jody Scheckter,South African,Ferrari,51.0,3
1979,2,Gilles Villeneuve,Canadian,Ferrari,47.0,3
1979,3,Alan Jones,Australian,Williams,40.0,4
1979,4,Jacques Laffite,French,Ligier,36.0,2
1979,5,Clay Regazzoni,Swiss,Williams,29.0,1
1979,6,Patrick Depailler,French,Ligier,20.0,1
1979,7,Carlos Reutemann,Argentine,Team Lotus,20.0,0
1979,8,René Arnoux,French,Renault,17.0,0
1979,9,John Watson,British,McLaren,15.0,0
1979,10,Didier Pironi,French,Tyrrell,14.0,0
1979,11,Jean-Pierre Jarier,French,Tyrrell,14.0,0
1979,12,Mario Andretti,American,Team Lotus,14.0,0
1979,13,Jean-Pierre Jabouille,French,Renault,9.0,1
1979,14,Niki Lauda,Austrian,Brabham-Alfa Romeo,4.0,0
1979,15,Elio de Angelis,Italian,Shadow,3.0,0
1979,16,Nelson Piquet,Brazilian,Brabham-Alfa Romeo,3.0,0
1979,17,Jacky Ickx,Belgian,Ligier,3.0,0
1979,18,Jochen Mass,German,Arrows,3.0,0
1979,19,Hans-Joachim Stuck,German,ATS,2.0,0
1979,20,Riccardo Patrese,Italian,Arrows,2.0,0
1979,21,Emerson Fittipaldi,Brazilian,Fittipaldi,1.0,0
1979,0,Hector Rebaque,Mexican,Team Lotus,0.0,0
1979,0,Patrick Tambay,French,McLaren,0.0,0
1979,0,Ricardo Zunino,Argentine,Brabham-Ford,0.0,0
1979,0,Geoff Lees,British,Tyrrell,0.0,0
1979,0,Derek Daly,Irish,Ensign,0.0,0
1979,0,James Hunt,British,Wolf,0.0,0
1979,0,Jan Lammers,Dutch,Shadow,0.0,0
1979,0,Keke Rosberg,Finnish,Wolf,0.0,0
1979,0,Vittorio Brambilla,Italian,Alfa Romeo,0.0,0
1980,1,Alan Jones,Australian,Williams,67.0,5
1980,2,Nelson Piquet,Brazilian,Brabham,54.0,3
1980,3,Carlos Reutemann,Argentine,Williams,42.0,1
1980,4,Jacques Laffite,French,Ligier,34.0,1
1980,5,Didier Pironi,French,Ligier,32.0,1
1980,6,René Arnoux,French,Renault,29.0,2
1980,7,Elio de Angelis,Italian,Team Lotus,13.0,0
1980,8,Jean-Pierre Jabouille,French,Renault,9.0,1
1980,9,Riccardo Patrese,Italian,Arrows,7.0,0
1980,10,Keke Rosberg,Finnish,Fittipaldi,6.0,0
1980,11,John Watson,British,McLaren,6.0,0
1980,12,Derek Daly,Irish,Tyrrell,6.0,0
1980,13,Jean-Pierre Jarier,French,Tyrrell,6.0,0
1980,14,Gilles Villeneuve,Canadian,Ferrari,6.0,0
1980,15,Emerson Fittipaldi,Brazilian,Fittipaldi,5.0,0
1980,16,Alain Prost,French,McLaren,5.0,0
1980,17,Jochen Mass,German,Arrows,4.0,0
1980,18,Bruno Giacomelli,Italian,Alfa Romeo,4.0,0
1980,19,Jody Scheckter,South African,Ferrari,2.0,0
1980,20,Mario Andretti,American,Team Lotus,1.0,0
1980,21,Hector Rebaque,Mexican,Brabham,1.0,0
1980,0,Marc Surer,Swiss,ATS,0.0,0
1980,0,Ricardo Zunino,Argentine,Brabham,0.0,0
1980,0,Rupert Keegan,British,Williams,0.0,0
1980,0,Clay Regazzoni,Swiss,Ensign,0.0,0
1980,0,Jan Lammers,Dutch,ATS,0.0,0
1980,0,Eddie Cheever,American,Osella,0.0,0
1980,0,Geoff Lees,British,Shadow,0.0,0
1980,0,Patrick Depailler,French,Alfa Romeo,0.0,0
1980,0,Nigel Mansell,British,Team Lotus,0.0,0
1981,1,Nelson Piquet,Brazilian,Brabham,50.0,3
1981,2,Carlos Reutemann,Argentine,Williams,49.0,2
1981,3,Alan Jones,Australian,Williams,46.0,2
1981,4,Jacques Laffite,French,Ligier,44.0,2
1981,5,Alain Prost,French,Renault,43.0,3
1981,6,John Watson,British,McLaren,27.0,1
1981,7,Gilles Villeneuve,Canadian,Ferrari,25.0,2
1981,8,Elio de Angelis,Italian,Team Lotus,14.0,0
1981,9,René Arnoux,French,Renault,11.0,0
1981,10,Hector Rebaque,Mexican,Brabham,11.0,0
1981,11,Riccardo Patrese,Italian,Arrows,10.0,0
1981,12,Eddie Cheever,American,Tyrrell,10.0,0
1981,13,Didier Pironi,French,Ferrari,9.0,0
1981,14,Nigel Mansell,British,Team Lotus,8.0,0
1981,15,Bruno Giacomelli,Italian,Alfa Romeo,7.0,0
1981,16,Marc Surer,Swiss,Ensign,4.0,0
1981,17,Mario Andretti,American,Alfa Romeo,3.0,0
1981,18,Andrea de Cesaris,Italian,McLaren,1.0,0
1981,19,Patrick Tambay,French,Theodore,1.0,0
1981,20,Slim Borgudd,Swedish,ATS,1.0,0
1981,21,Eliseo Salazar,Chilean,March,1.0,0
1981,0,Jean-Pierre Jarier,French,Ligier,0.0,0
1981,0,Derek Daly,Irish,March,0.0,0
1981,0,Siegfried Stohr,Italian,Arrows,0.0,0
1981,0,Chico Serra,Brazilian,Fittipaldi,0.0,0
1981,0,Keke Rosberg,Finnish,Fittipaldi,0.0,0
1981,0,Michele Alboreto,Italian,Tyrrell,0.0,0
1981,0,Brian Henton,British,Toleman,0.0,0
1981,0,Jan Lammers,Dutch,ATS,0.0,0
1981,0,Ricardo Zunino,Argentine,Tyrrell,0.0,0
1982,1,Keke Rosberg,Finnish,Williams,44.0,1
1982,2,Didier Pironi,French,Ferrari,39.0,2
1982,3,John Watson,British,McLaren,39.0,2
1982,4,Alain Prost,French,Renault,34.0,2
1982,5,Niki Lauda,Austrian,McLaren,30.0,2
1982,6,René Arnoux,French,Renault,28.0,2
1982,7,Patrick Tambay,French,Ferrari,25.0,1
1982,8,Michele Alboreto,Italian,Tyrrell,25.0,1
1982,9,Elio de Angelis,Italian,Team Lotus,23.0,1
1982,10,Riccardo Patrese,Italian,Brabham,21.0,1
1982,11,Nelson Piquet,Brazilian,Brabham,20.0,1
1982,12,Eddie Cheever,American,Ligier,15.0,0
1982,13,Derek Daly,Irish,Theodore,8.0,0
1982,14,Nigel Mansell,British,Team Lotus,7.0,0
1982,15,Gilles Villeneuve,Canadian,Ferrari,6.0,0
1982,16,Carlos Reutemann,Argentine,Williams,6.0,0
1982,17,Andrea de Cesaris,Italian,Alfa Romeo,5.0,0
1982,18,Jacques Laffite,French,Ligier,5.0,0
1982,19,Mario Andretti,American,Williams,4.0,0
1982,20,Jean-Pierre Jarier,French,Osella,3.0,0
1982,21,Marc Surer,Swiss,Arrows,3.0,0
1982,22,Bruno Giacomelli,Italian,Alfa Romeo,2.0,0
1982,23,Eliseo Salazar,Chilean,ATS,2.0,0
1982,24,Manfred Winkelhock,German,ATS,2.0,0
1982,25,Mauro Baldi,Italian,Arrows,2.0,0
1982,26,Chico Serra,Brazilian,Fittipaldi,1.0,0
1982,0,Brian Henton,British,Arrows,0.0,0
1982,0,Jochen Mass,German,March,0.0,0
1982,0,Slim Borgudd,Swedish,Tyrrell,0.0,0
1982,0,Raul Boesel,Brazilian,March,0.0,0
1983,1,Nelson Piquet,Brazilian,Brabham,59.0,3
1983,2,Alain Prost,French,Renault,57.0,4
1983,3,René Arnoux,French,Ferrari,49.0,3
1983,4,Patrick Tambay,French,Ferrari,40.0,1
1983,5,Keke Rosberg,Finnish,Williams,27.0,1
1983,6,John Watson,British,McLaren,22.0,1
1983,7,Eddie Cheever,American,Renault,22.0,0
1983,8,Andrea de Cesaris,Italian,Alfa Romeo,15.0,0
1983,9,Riccardo Patrese,Italian,Brabham,13.0,1
1983,10,Niki Lauda,Austrian,McLaren,12.0,0
1983,11,Jacques Laffite,French,Williams,11.0,0
1983,12,Michele Alboreto,Italian,Tyrrell,10.0,1
1983,13,Nigel Mansell,British,Team Lotus,10.0,0
1983,14,Derek Warwick,British,Toleman,9.0,0
1983,15,Marc Surer,Swiss,Arrows,4.0,0
1983,16,Mauro Baldi,Italian,Alfa Romeo,3.0,0
1983,17,Danny Sullivan,American,Tyrrell,2.0,0
1983,18,Elio de Angelis,Italian,Team Lotus,2.0,0
1983,19,Bruno Giacomelli,Italian,Toleman,1.0,0
1983,20,Johnny Cecotto,Venezuelan,Theodore,1.0,0
1983,0,Thierry Boutsen,Belgian,Arrows,0.0,0
1983,0,Chico Serra,Brazilian,Arrows,0.0,0
1983,0,Jean-Pierre Jarier,French,Ligier,0.0,0
1983,0,Raul Boesel,Brazilian,Ligier,0.0,0
1983,0,Stefan Johansson,Swedish,Spirit,0.0,0
1983,0,Manfred Winkelhock,German,ATS,0.0,0
1983,0,Corrado Fabi,Italian,Osella,0.0,0
1983,0,Piercarlo Ghinzani,Italian,Osella,0.0,0
1983,0,Roberto Guerrero,Colombian,Theodore,0.0,0
1983,0,Kenny Acheson,British,RAM,0.0,0
1984,1,Niki Lauda,Austrian,McLaren,72.0,5
1984,2,Alain Prost,French,McLaren,71.5,7
1984,3,Elio de Angelis,Italian,Team Lotus,34.0,0
1984,4,Michele Alboreto,Italian,Ferrari,30.5,1
1984,5,Nelson Piquet,Brazilian,Brabham,29.0,2
1984,6,René Arnoux,French,Ferrari,27.0,0
1984,7,Derek Warwick,British,Renault,23.0,0
1984,8,Keke Rosberg,Finnish,Williams,20.5,1
1984,9,Ayrton Senna,Brazilian,Toleman,13.0,0
1984,10,Nigel Mansell,British,Team Lotus,13.0,0
1984,11,Patrick Tambay,French,Renault,11.0,0
1984,12,Teo Fabi,Italian,Brabham,9.0,0
1984,13,Riccardo Patrese,Italian,Alfa Romeo,8.0,0
1984,14,Jacques Laffite,French,Williams,5.0,0
1984,15,Thierry Boutsen,Belgian,Arrows,5.0,0
1984,16,Eddie Cheever,American,Alfa Romeo,3.0,0
1984,17,Stefan Johansson,Swedish,Tyrrell,3.0,0
1984,18,Andrea de Cesaris,Italian,Ligier,3.0,0
1984,19,Piercarlo Ghinzani,Italian,Osella,2.0,0
1984,20,Marc Surer,Swiss,Arrows,1.0,0
1984,0,Jo Gartner,Austrian,Osella,0.0,0
1984,0,Gerhard Berger,Austrian,ATS,0.0,0
1984,0,François Hesnault,French,Ligier,0.0,0
1984,0,Corrado Fabi,Italian,Brabham,0.0,0
1984,0,Mauro Baldi,Italian,Spirit,0.0,0
1984,0,Manfred Winkelhock,German,ATS,0.0,0
1984,0,Jonathan Palmer,British,RAM,0.0,0
1984,0,Huub Rothengatter,Dutch,Spirit,0.0,0
1984,0,Johnny Cecotto,Venezuelan,Toleman,0.0,0
1984,0,Philippe Alliot,French,RAM,0.0,0
1985,1,Alain Prost,French,McLaren,73.0,5
1985,2,Michele Alboreto,Italian,Ferrari,53.0,2
1985,3,Keke Rosberg,Finnish,Williams,40.0,2
1985,4,Ayrton Senna,Brazilian,Team Lotus,38.0,2
1985,5,Elio de Angelis,Italian,Team Lotus,33.0,1
1985,6,Nigel Mansell,British,Williams,31.0,2
1985,7,Stefan Johansson,Swedish,Tyrrell,26.0,0
1985,8,Nelson Piquet,Brazilian,Brabham,21.0,1
1985,9,Jacques Laffite,French,Ligier,16.0,0
1985,10,Niki Lauda,Austrian,McLaren,14.0,1
1985,11,Thierry Boutsen,Belgian,Arrows,11.0,0
1985,12,Patrick Tambay,French,Renault,11.0,0
1985,13,Marc Surer,Swiss,Brabham,5.0,0
1985,14,Derek Warwick,British,Renault,5.0,0
1985,15,Philippe Streiff,French,Ligier,4.0,0
1985,16,Stefan Bellof,German,Tyrrell,4.0,0
1985,17,Andrea de Cesaris,Italian,Ligier,3.0,0
1985,18,Ivan Capelli,Italian,Tyrrell,3.0,0
1985,19,René Arnoux,French,Ferrari,3.0,0
1985,20,Gerhard Berger,Austrian,Arrows,3.0,0
1985,0,Martin Brundle,British,Tyrrell,0.0,0
1985,0,Huub Rothengatter,Dutch,Osella,0.0,0
1985,0,John Watson,British,McLaren,0.0,0
1985,0,Pierluigi Martini,Italian,Minardi,0.0,0
1985,0,Riccardo Patrese,Italian,Alfa Romeo,0.0,0
1985,0,Eddie Cheever,American,Alfa Romeo,0.0,0
1985,0,Piercarlo Ghinzani,Italian,Osella,0.0,0
1985,0,Philippe Alliot,French,RAM,0.0,0
1985,0,Jonathan Palmer,British,Zakspeed,0.0,0
1985,0,Manfred Winkelhock,German,RAM,0.0,0
1986,1,Alain Prost,French,McLaren,72.0,4
1986,2,Nigel Mansell,British,Williams,70.0,5
1986,3,Nelson Piquet,Brazilian,Williams,69.0,4
1986,4,Ayrton Senna,Brazilian,Team Lotus,55.0,2
1986,5,Stefan Johansson,Swedish,Ferrari,23.0,0
1986,6,Keke Rosberg,Finnish,McLaren,22.0,0
1986,7,Gerhard Berger,Austrian,Benetton,17.0,1
1986,8,Jacques Laffite,French,Ligier,14.0,0
1986,9,Michele Alboreto,Italian,Ferrari,14.0,0
1986,10,René Arnoux,French,Ligier,14.0,0
1986,11,Martin Brundle,British,Tyrrell,8.0,0
1986,12,Alan Jones,Australian,Lola,4.0,0
1986,13,Johnny Dumfries,British,Team Lotus,3.0,0
1986,14,Philippe Streiff,French,Tyrrell,3.0,0
1986,15,Patrick Tambay,French,Lola,2.0,0
1986,16,Teo Fabi,Italian,Benetton,2.0,0
1986,17,Riccardo Patrese,Italian,Brabham,2.0,0
1986,18,Christian Danner,German,Osella,1.0,0
1986,19,Philippe Alliot,French,Ligier,1.0,0
1986,0,Thierry Boutsen,Belgian,Arrows,0.0,0
1986,0,Derek Warwick,British,Brabham,0.0,0
1986,0,Jonathan Palmer,British,Zakspeed,0.0,0
1986,0,Huub Rothengatter,Dutch,Zakspeed,0.0,0
1986,0,Andrea de Cesaris,Italian,Minardi,0.0,0
1986,0,Elio de Angelis,Italian,Brabham,0.0,0
1986,0,Marc Surer,Swiss,Arrows,0.0,0
1986,0,Piercarlo Ghinzani,Italian,Osella,0.0,0
1986,0,Allen Berg,Canadian,Osella,0.0,0
1986,0,Alessandro Nannini,Italian,Minardi,0.0,0
1986,0,Alex Caffi,Italian,Osella,0.0,0
1987,1,Nelson Piquet,Brazilian,Williams,73.0,3
1987,2,Nigel Mansell,British,Williams,61.0,6
1987,3,Ayrton Senna,Brazilian,Team Lotus,57.0,2
1987,4,Alain Prost,French,McLaren,46.0,3
1987,5,Gerhard Berger,Austrian,Ferrari,36.0,2
1987,6,Stefan Johansson,Swedish,McLaren,30.0,0
1987,7,Michele Alboreto,Italian,Ferrari,17.0,0
1987,8,Thierry Boutsen,Belgian,Benetton,16.0,0
1987,9,Teo Fabi,Italian,Benetton,12.0,0
1987,10,Eddie Cheever,American,Arrows,8.0,0
1987,11,Jonathan Palmer,British,Tyrrell,7.0,0
1987,12,Satoru Nakajima,Japanese,Team Lotus,7.0,0
1987,13,Riccardo Patrese,Italian,Brabham,6.0,0
1987,14,Andrea de Cesaris,Italian,Brabham,4.0,0
1987,15,Philippe Streiff,French,Tyrrell,4.0,0
1987,16,Derek Warwick,British,Arrows,3.0,0
1987,17,Philippe Alliot,French,Larrousse,3.0,0
1987,18,Martin Brundle,British,Zakspeed,2.0,0
1987,19,Ivan Capelli,Italian,March,1.0,0
1987,20,René Arnoux,French,Ligier,1.0,0
1987,21,Roberto Moreno,Brazilian,AGS,1.0,0
1987,0,Yannick Dalmas,French,Larrousse,0.0,0
1987,0,Christian Danner,German,Zakspeed,0.0,0
1987,0,Piercarlo Ghinzani,Italian,Ligier,0.0,0
1987,0,Pascal Fabre,French,AGS,0.0,0
1987,0,Alessandro Nannini,Italian,Minardi,0.0,0
1987,0,Alex Caffi,Italian,Osella,0.0,0
1987,0,Adrián Campos,Spanish,Minardi,0.0,0
1987,0,Franco Forini,Swiss,Osella,0.0,0
1987,0,Gabriele Tarquini,Italian,Osella,0.0,0
1988,1,Ayrton Senna,Brazilian,McLaren,90.0,8
1988,2,Alain Prost,French,McLaren,87.0,7
1988,3,Gerhard Berger,Austrian,Ferrari,41.0,1
1988,4,Thierry Boutsen,Belgian,Benetton,27.0,0
1988,5,Michele Alboreto,Italian,Ferrari,24.0,0
1988,6,Nelson Piquet,Brazilian,Team Lotus,22.0,0
1988,7,Ivan Capelli,Italian,March,17.0,0
1988,8,Derek Warwick,British,Arrows,17.0,0
1988,9,Nigel Mansell,British,Williams,12.0,0
1988,10,Alessandro Nannini,Italian,Benetton,12.0,0
1988,11,Riccardo Patrese,Italian,Williams,8.0,0
1988,12,Eddie Cheever,American,Arrows,6.0,0
1988,13,Maurício Gugelmin,Brazilian,March,5.0,0
1988,14,Jonathan Palmer,British,Tyrrell,5.0,0
1988,15,Andrea de Cesaris,Italian,Rial,3.0,0
1988,16,Satoru Nakajima,Japanese,Team Lotus,1.0,0
1988,17,Pierluigi Martini,Italian,Minardi,1.0,0
1988,0,Yannick Dalmas,French,Larrousse,0.0,0
1988,0,Alex Caffi,Italian,Dallara,0.0,0
1988,0,Martin Brundle,British,Williams,0.0,0
1988,0,Philippe Streiff,French,AGS,0.0,0
1988,0,Luis Pérez-Sala,Spanish,Minardi,0.0,0
1988,0,Gabriele Tarquini,Italian,Coloni,0.0,0
1988,0,Philippe Alliot,French,Larrousse,0.0,0
1988,0,Stefan Johansson,Swedish,Ligier,0.0,0
1988,0,Julian Bailey,British,Tyrrell,0.0,0
1988,0,Nicola Larini,Italian,Osella,0.0,0
1988,0,René Arnoux,French,Ligier,0.0,0
1988,0,Stefano Modena,Italian,Euro Brun,0.0,0
1988,0,Jean-Louis Schlesser,French,Williams,0.0,0
1989,1,Alain Prost,French,McLaren,76.0,4
1989,2,Ayrton Senna,Brazilian,McLaren,60.0,6
1989,3,Riccardo Patrese,Italian,Williams,40.0,0
1989,4,Nigel Mansell,British,Ferrari,38.0,2
1989,5,Thierry Boutsen,Belgian,Williams,37.0,2
1989,6,Alessandro Nannini,Italian,Benetton,32.0,1
1989,7,Gerhard Berger,Austrian,Ferrari,21.0,1
1989,8,Nelson Piquet,Brazilian,Team Lotus,12.0,0
1989,9,Jean Alesi,French,Tyrrell,8.0,0
1989,10,Derek Warwick,British,Arrows,7.0,0
1989,11,Eddie Cheever,American,Arrows,6.0,0
1989,12,Stefan Johansson,Swedish,Onyx,6.0,0
1989,13,Michele Alboreto,Italian,Tyrrell,6.0,0
1989,14,Johnny Herbert,British,Benetton,5.0,0
1989,15,Pierluigi Martini,Italian,Minardi,5.0,0
1989,16,Maurício Gugelmin,Brazilian,March,4.0,0
1989,17,Andrea de Cesaris,Italian,Dallara,4.0,0
1989,18,Stefano Modena,Italian,Brabham,4.0,0
1989,19,Alex Caffi,Italian,Dallara,4.0,0
1989,20,Martin Brundle,British,Brabham,4.0,0
1989,21,Satoru Nakajima,Japanese,Team Lotus,3.0,0
1989,22,Christian Danner,German,Rial,3.0,0
1989,23,Emanuele Pirro,Italian,Benetton,2.0,0
1989,24,René Arnoux,French,Ligier,2.0,0
1989,25,Jonathan Palmer,British,Tyrrell,2.0,0
1989,26,Olivier Grouillard,French,Ligier,1.0,0
1989,27,Gabriele Tarquini,Italian,AGS,1.0,0
1989,28,Luis Pérez-Sala,Spanish,Minardi,1.0,0
1989,29,Philippe Alliot,French,Larrousse,1.0,0
1989,0,Ivan Capelli,Italian,March,0.0,0
1990,1,Ayrton Senna,Brazilian,McLaren,78.0,6
1990,2,Alain Prost,French,Ferrari,71.0,5
1990,3,Nelson Piquet,Brazilian,Benetton,43.0,2
1990,4,Gerhard Berger,Austrian,McLaren,43.0,0
1990,5,Nigel Mansell,British,Ferrari,37.0,1
1990,6,Thierry Boutsen,Belgian,Williams,34.0,1
1990,7,Riccardo Patrese,Italian,Williams,23.0,1
1990,8,Alessandro Nannini,Italian,Benetton,21.0,0
1990,9,Jean Alesi,French,Tyrrell,13.0,0
1990,10,Ivan Capelli,Italian,Leyton House,6.0,0
1990,11,Roberto Moreno,Brazilian,Euro Brun,6.0,0
1990,12,Aguri Suzuki,Japanese,Larrousse,6.0,0
1990,13,Éric Bernard,French,Larrousse,5.0,0
1990,14,Derek Warwick,British,Team Lotus,3.0,0
1990,15,Satoru Nakajima,Japanese,Tyrrell,3.0,0
1990,16,Alex Caffi,Italian,Arrows,2.0,0
1990,17,Stefano Modena,Italian,Brabham,2.0,0
1990,18,Maurício Gugelmin,Brazilian,Leyton House,1.0,0
1990,0,Nicola Larini,Italian,Ligier,0.0,0
1990,0,Martin Donnelly,British,Team Lotus,0.0,0
1990,0,Pierluigi Martini,Italian,Minardi,0.0,0
1990,0,Gregor Foitek,Swiss,Brabham,0.0,0
1990,0,Philippe Alliot,French,Ligier,0.0,0
1990,0,Michele Alboreto,Italian,Arrows,0.0,0
1990,0,Yannick Dalmas,French,AGS,0.0,0
1990,0,Emanuele Pirro,Italian,Dallara,0.0,0
1990,0,Andrea de Cesaris,Italian,Dallara,0.0,0
1990,0,Paolo Barilla,Italian,Minardi,0.0,0
1990,0,Jyrki Järvilehto,Finnish,Onyx,0.0,0
1990,0,Bernd Schneider,German,Arrows,0.0,0
1991,1,Ayrton Senna,Brazilian,McLaren,96.0,7
1991,2,Nigel Mansell,British,Williams,72.0,5
1991,3,Riccardo Patrese,Italian,Williams,53.0,2
1991,4,Gerhard Berger,Austrian,McLaren,43.0,1
1991,5,Alain Prost,French,Ferrari,34.0,0
1991,6,Nelson Piquet,Brazilian,Benetton,26.5,1
1991,7,Jean Alesi,French,Ferrari,21.0,0
1991,8,Stefano Modena,Italian,Tyrrell,10.0,0
1991,9,Andrea de Cesaris,Italian,Jordan,9.0,0
1991,10,Roberto Moreno,Brazilian,Benetton,8.0,0
1991,11,Pierluigi Martini,Italian,Minardi,6.0,0
1991,12,Jyrki Järvilehto,Finnish,Dallara,4.0,0
1991,13,Bertrand Gachot,Belgian,Jordan,4.0,0
1991,14,Michael Schumacher,German,Jordan,4.0,0
1991,15,Satoru Nakajima,Japanese,Tyrrell,2.0,0
1991,16,Mika Häkkinen,Finnish,Team Lotus,2.0,0
1991,17,Martin Brundle,British,Brabham,2.0,0
1991,18,Emanuele Pirro,Italian,Dallara,1.0,0
1991,19,Mark Blundell,British,Brabham,1.0,0
1991,20,Ivan Capelli,Italian,Leyton House,1.0,0
1991,21,Éric Bernard,French,Larrousse,1.0,0
1991,22,Aguri Suzuki,Japanese,Larrousse,1.0,0
1991,23,Julian Bailey,British,Team Lotus,1.0,0
1991,24,Gianni Morbidelli,Italian,Minardi,0.5,0
1991,0,Maurício Gugelmin,Brazilian,Leyton House,0.0,0
1991,0,Thierry Boutsen,Belgian,Ligier,0.0,0
1991,0,Johnny Herbert,British,Team Lotus,0.0,0
1991,0,Nicola Larini,Italian,Lambo,0.0,0
1991,0,Érik Comas,French,Ligier,0.0,0
1991,0,Gabriele Tarquini,Italian,AGS,0.0,0
1992,1,Nigel Mansell,British,Williams,108.0,9
1992,2,Riccardo Patrese,Italian,Williams,56.0,1
1992,3,Michael Schumacher,German,Benetton,53.0,1
1992,4,Ayrton Senna,Brazilian,McLaren,50.0,3
1992,5,Gerhard Berger,Austrian,McLaren,49.0,2
1992,6,Martin Brundle,British,Benetton,38.0,0
1992,7,Jean Alesi,French,Ferrari,18.0,0
1992,8,Mika Häkkinen,Finnish,Team Lotus,11.0,0
1992,9,Andrea de Cesaris,Italian,Tyrrell,8.0,0
1992,10,Michele Alboreto,Italian,Footwork,6.0,0
1992,11,Érik Comas,French,Ligier,4.0,0
1992,12,Karl Wendlinger,Austrian,March,3.0,0
1992,13,Ivan Capelli,Italian,Ferrari,3.0,0
1992,14,Thierry Boutsen,Belgian,Ligier,2.0,0
1992,15,Johnny Herbert,British,Team Lotus,2.0,0
1992,16,Pierluigi Martini,Italian,Dallara,2.0,0
1992,17,Stefano Modena,Italian,Jordan,1.0,0
1992,18,Christian Fittipaldi,Brazilian,Minardi,1.0,0
1992,19,Bertrand Gachot,Belgian,Larrousse,1.0,0
1992,0,Aguri Suzuki,Japanese,Footwork,0.0,0
1992,0,Jyrki Järvilehto,Finnish,Dallara,0.0,0
1992,0,Gianni Morbidelli,Italian,Minardi,0.0,0
1992,0,Maurício Gugelmin,Brazilian,Jordan,0.0,0
1992,0,Olivier Grouillard,French,Tyrrell,0.0,0
1992,0,Ukyo Katayama,Japanese,Larrousse,0.0,0
1992,0,Paul Belmondo,French,March,0.0,0
1992,0,Eric van de Poele,Belgian,Brabham,0.0,0
1992,0,Emanuele Naspetti,Italian,March,0.0,0
1992,0,Nicola Larini,Italian,Ferrari,0.0,0
1992,0,Damon Hill,British,Brabham,0.0,0
1993,1,Alain Prost,French,Williams,99.0,7
1993,2,Ayrton Senna,Brazilian,McLaren,73.0,5
1993,3,Damon Hill,British,Williams,69.0,3
1993,4,Michael Schumacher,German,Benetton,52.0,1
1993,5,Riccardo Patrese,Italian,Benetton,20.0,0
1993,6,Jean Alesi,French,Ferrari,16.0,0
1993,7,Martin Brundle,British,Ligier,13.0,0
1993,8,Gerhard Berger,Austrian,Ferrari,12.0,0
1993,9,Johnny Herbert,British,Team Lotus,11.0,0
1993,10,Mark Blundell,British,Ligier,10.0,0
1993,11,Michael Andretti,American,McLaren,7.0,0
1993,12,Karl Wendlinger,Austrian,Sauber,7.0,0
1993,13,Jyrki Järvilehto,Finnish,Sauber,5.0,0
1993,14,Christian Fittipaldi,Brazilian,Minardi,5.0,0
1993,15,Mika Häkkinen,Finnish,McLaren,4.0,0
1993,16,Derek Warwick,British,Footwork,4.0,0
1993,17,Philippe Alliot,French,Larrousse,2.0,0
1993,18,Rubens Barrichello,Brazilian,Jordan,2.0,0
1993,19,Fabrizio Barbazza,Italian,Minardi,2.0,0
1993,20,Alessandro Zanardi,Italian,Team Lotus,1.0,0
1993,21,Érik Comas,French,Larrousse,1.0,0
1993,22,Eddie Irvine,British,Jordan,1.0,0
1993,0,Pierluigi Martini,Italian,Minardi,0.0,0
1993,0,Aguri Suzuki,Japanese,Footwork,0.0,0
1993,0,Luca Badoer,Italian,Lola,0.0,0
1993,0,Thierry Boutsen,Belgian,Jordan,0.0,0
1993,0,Andrea de Cesaris,Italian,Tyrrell,0.0,0
1993,0,Ukyo Katayama,Japanese,Tyrrell,0.0,0
1993,0,Michele Alboreto,Italian,Lola,0.0,0
1993,0,Pedro Lamy,Portuguese,Team Lotus,0.0,0
1994,1,Michael Schumacher,German,Benetton,92.0,8
1994,2,Damon Hill,British,Williams,91.0,6
1994,3,Gerhard Berger,Austrian,Ferrari,41.0,1
1994,4,Mika Häkkinen,Finnish,McLaren,26.0,0
1994,5,Jean Alesi,French,Ferrari,24.0,0
1994,6,Rubens Barrichello,Brazilian,Jordan,19.0,0
1994,7,Martin Brundle,British,McLaren,16.0,0
1994,8,David Coulthard,British,Williams,14.0,0
1994,9,Nigel Mansell,British,Williams,13.0,1
1994,10,Jos Verstappen,Dutch,Benetton,10.0,0
1994,11,Olivier Panis,French,Ligier,9.0,0
1994,12,Mark Blundell,British,Tyrrell,8.0,0
1994,13,Heinz-Harald Frentzen,German,Sauber,7.0,0
1994,14,Nicola Larini,Italian,Ferrari,6.0,0
1994,15,Christian Fittipaldi,Brazilian,Footwork,6.0,0
1994,16,Eddie Irvine,British,Jordan,6.0,0
1994,17,Ukyo Katayama,Japanese,Tyrrell,5.0,0
1994,18,Éric Bernard,French,Ligier,4.0,0
1994,19,Karl Wendlinger,Austrian,Sauber,4.0,0
1994,20,Andrea de Cesaris,Italian,Jordan,4.0,0
1994,21,Pierluigi Martini,Italian,Minardi,4.0,0
1994,22,Gianni Morbidelli,Italian,Footwork,3.0,0
1994,23,Érik Comas,French,Larrousse,2.0,0
1994,24,Jyrki Järvilehto,Finnish,Benetton,1.0,0
1994,25,Michele Alboreto,Italian,Minardi,1.0,0
1994,0,Johnny Herbert,British,Team Lotus,0.0,0
1994,0,Olivier Beretta,Monegasque,Larrousse,0.0,0
1994,0,Pedro Lamy,Portuguese,Team Lotus,0.0,0
1994,0,Jean-Marc Gounon,French,Simtek,0.0,0
1994,0,Alessandro Zanardi,Italian,Team Lotus,0.0,0
1995,1,Michael Schumacher,German,Benetton,102.0,9
1995,2,Damon Hill,British,Williams,69.0,4
1995,3,David Coulthard,British,Williams,49.0,1
1995,4,Johnny Herbert,British,Benetton,45.0,2
1995,5,Jean Alesi,French,Ferrari,42.0,1
1995,6,Gerhard Berger,Austrian,Ferrari,31.0,0
1995,7,Mika Häkkinen,Finnish,McLaren,17.0,0
1995,8,Olivier Panis,French,Ligier,16.0,0
1995,9,Heinz-Harald Frentzen,German,Sauber,15.0,0
1995,10,Mark Blundell,British,McLaren,13.0,0
1995,11,Rubens Barrichello,Brazilian,Jordan,11.0,0
1995,12,Eddie Irvine,British,Jordan,10.0,0
1995,13,Martin Brundle,British,Ligier,7.0,0
1995,14,Gianni Morbidelli,Italian,Footwork,5.0,0
1995,15,Mika Salo,Finnish,Tyrrell,5.0,0
1995,16,Jean-Christophe Boullion,French,Sauber,3.0,0
1995,17,Aguri Suzuki,Japanese,Ligier,1.0,0
1995,18,Pedro Lamy,Portuguese,Minardi,1.0,0
1995,0,Pierluigi Martini,Italian,Minardi,0.0,0
1995,0,Ukyo Katayama,Japanese,Tyrrell,0.0,0
1995,0,Pedro Diniz,Brazilian,Forti,0.0,0
1995,0,Massimiliano Papis,Italian,Footwork,0.0,0
1995,0,Luca Badoer,Italian,Minardi,0.0,0
1995,0,Taki Inoue,Japanese,Footwork,0.0,0
1995,0,Andrea Montermini,Italian,Pacific,0.0,0
1995,0,Bertrand Gachot,Belgian,Pacific,0.0,0
1995,0,Domenico Schiattarella,Italian,Simtek,0.0,0
1995,0,Karl Wendlinger,Austrian,Sauber,0.0,0
1995,0,Nigel Mansell,British,McLaren,0.0,0
1995,0,Jan Magnussen,Danish,McLaren,0.0,0
1996,1,Damon Hill,British,Williams,97.0,8
1996,2,Jacques Villeneuve,Canadian,Williams,78.0,4
1996,3,Michael Schumacher,German,Ferrari,59.0,3
1996,4,Jean Alesi,French,Benetton,47.0,0
1996,5,Mika Häkkinen,Finnish,McLaren,31.0,0
1996,6,Gerhard Berger,Austrian,Benetton,21.0,0
1996,7,David Coulthard,British,McLaren,18.0,0
1996,8,Rubens Barrichello,Brazilian,Jordan,14.0,0
1996,9,Olivier Panis,French,Ligier,13.0,1
1996,10,Eddie Irvine,British,Ferrari,11.0,0
1996,11,Martin Brundle,British,Jordan,8.0,0
1996,12,Heinz-Harald Frentzen,German,Sauber,7.0,0
1996,13,Mika Salo,Finnish,Tyrrell,5.0,0
1996,14,Johnny Herbert,British,Sauber,4.0,0
1996,15,Pedro Diniz,Brazilian,Ligier,2.0,0
1996,16,Jos Verstappen,Dutch,Footwork,1.0,0
1996,0,Ukyo Katayama,Japanese,Tyrrell,0.0,0
1996,0,Ricardo Rosset,Brazilian,Footwork,0.0,0
1996,0,Giancarlo Fisichella,Italian,Minardi,0.0,0
1996,0,Pedro Lamy,Portuguese,Minardi,0.0,0
1996,0,Luca Badoer,Italian,Forti,0.0,0
1996,0,Giovanni Lavaggi,Italian,Minardi,0.0,0
1996,0,Andrea Montermini,Italian,Forti,0.0,0
1996,0,Tarso Marques,Brazilian,Minardi,0.0,0
1997,1,Jacques Villeneuve,Canadian,Williams,81.0,7
1997,2,Heinz-Harald Frentzen,German,Williams,42.0,1
1997,3,David Coulthard,British,McLaren,36.0,2
1997,4,Jean Alesi,French,Benetton,36.0,0
1997,5,Gerhard Berger,Austrian,Benetton,27.0,1
1997,6,Mika Häkkinen,Finnish,McLaren,27.0,1
1997,7,Eddie Irvine,British,Ferrari,24.0,0
1997,8,Giancarlo Fisichella,Italian,Jordan,20.0,0
1997,9,Olivier Panis,French,Prost,16.0,0
1997,10,Johnny Herbert,British,Sauber,15.0,0
1997,11,Ralf Schumacher,German,Jordan,13.0,0
1997,12,Damon Hill,British,Arrows,7.0,0
1997,13,Rubens Barrichello,Brazilian,Stewart,6.0,0
1997,14,Alexander Wurz,Austrian,Benetton,4.0,0
1997,15,Jarno Trulli,Italian,Minardi,3.0,0
1997,16,Pedro Diniz,Brazilian,Arrows,2.0,0
1997,17,Mika Salo,Finnish,Tyrrell,2.0,0
1997,18,Shinji Nakano,Japanese,Prost,2.0,0
1997,19,Nicola Larini,Italian,Sauber,1.0,0
1997,0,Michael Schumacher,German,Ferrari,78.0,5
1997,0,Jan Magnussen,Danish,Stewart,0.0,0
1997,0,Jos Verstappen,Dutch,Tyrrell,0.0,0
1997,0,Gianni Morbidelli,Italian,Sauber,0.0,0
1997,0,Norberto Fontana,Argentine,Sauber,0.0,0
1997,0,Ukyo Katayama,Japanese,Minardi,0.0,0
1997,0,Tarso Marques,Brazilian,Minardi,0.0,0
1998,1,Mika Häkkinen,Finnish,McLaren,100.0,8
1998,2,Michael Schumacher,German,Ferrari,86.0,6
1998,3,David Coulthard,British,McLaren,56.0,1
1998,4,Eddie Irvine,British,Ferrari,47.0,0
1998,5,Jacques Villeneuve,Canadian,Williams,21.0,0
1998,6,Damon Hill,British,Jordan,20.0,1
1998,7,Heinz-Harald Frentzen,German,Williams,17.0,0
1998,8,Alexander Wurz,Austrian,Benetton,17.0,0
1998,9,Giancarlo Fisichella,Italian,Benetton,16.0,0
1998,10,Ralf Schumacher,German,Jordan,14.0,0
1998,11,Jean Alesi,French,Sauber,9.0,0
1998,12,Rubens Barrichello,Brazilian,Stewart,4.0,0
1998,13,Mika Salo,Finnish,Arrows,3.0,0
1998,14,Pedro Diniz,Brazilian,Arrows,3.0,0
1998,15,Johnny Herbert,British,Sauber,1.0,0
1998,16,Jarno Trulli,Italian,Prost,1.0,0
1998,17,Jan Magnussen,Danish,Stewart,1.0,0
1998,0,Shinji Nakano,Japanese,Minardi,0.0,0
1998,0,Esteban Tuero,Argentine,Minardi,0.0,0
1998,0,Ricardo Rosset,Brazilian,Tyrrell,0.0,0
1998,0,Toranosuke Takagi,Japanese,Tyrrell,0.0,0
1998,0,Olivier Panis,French,Prost,0.0,0
1998,0,Jos Verstappen,Dutch,Stewart,0.0,0
1999,1,Mika Häkkinen,Finnish,McLaren,76.0,5
1999,2,Eddie Irvine,British,Ferrari,74.0,4
1999,3,Heinz-Harald Frentzen,German,Jordan,54.0,2
1999,4,David Coulthard,British,McLaren,48.0,2
1999,5,Michael Schumacher,German,Ferrari,44.0,2
1999,6,Ralf Schumacher,German,Williams,35.0,0
1999,7,Rubens Barrichello,Brazilian,Stewart,21.0,0
1999,8,Johnny Herbert,British,Stewart,15.0,1
1999,9,Giancarlo Fisichella,Italian,Benetton,13.0,0
1999,10,Mika Salo,Finnish,BAR,10.0,0
1999,11,Jarno Trulli,Italian,Prost,7.0,0
1999,12,Damon Hill,British,Jordan,7.0,0
1999,13,Alexander Wurz,Austrian,Benetton,3.0,0
1999,14,Pedro Diniz,Brazilian,Sauber,3.0,0
1999,15,Jean Alesi,French,Sauber,2.0,0
1999,16,Olivier Panis,French,Prost,2.0,0
1999,17,Marc Gené,Spanish,Minardi,1.0,0
1999,18,Pedro de la Rosa,Spanish,Arrows,1.0,0
1999,0,Alessandro Zanardi,Italian,Williams,0.0,0
1999,0,Toranosuke Takagi,Japanese,Arrows,0.0,0
1999,0,Jacques Villeneuve,Canadian,BAR,0.0,0
1999,0,Ricardo Zonta,Brazilian,BAR,0.0,0
1999,0,Luca Badoer,Italian,Minardi,0.0,0
1999,0,Stéphane Sarrazin,French,Minardi,0.0,0
2000,1,Michael Schumacher,German,Ferrari,108.0,9
2000,2,Mika Häkkinen,Finnish,McLaren,89.0,4
2000,3,David Coulthard,British,McLaren,73.0,3
2000,4,Rubens Barrichello,Brazilian,Ferrari,62.0,1
2000,5,Ralf Schumacher,German,Williams,24.0,0
2000,6,Giancarlo Fisichella,Italian,Benetton,18.0,0
2000,7,Jacques Villeneuve,Canadian,BAR,17.0,0
2000,8,Jenson Button,British,Williams,12.0,0
2000,9,Heinz-Harald Frentzen,German,Jordan,11.0,0
2000,10,Jarno Trulli,Italian,Jordan,6.0,0
2000,11,Mika Salo,Finnish,Sauber,6.0,0
2000,12,Jos Verstappen,Dutch,Arrows,5.0,0
2000,13,Eddie Irvine,British,Jaguar,4.0,0
2000,14,Ricardo Zonta,Brazilian,BAR,3.0,0
2000,15,Alexander Wurz,Austrian,Benetton,2.0,0
2000,16,Pedro de la Rosa,Spanish,Arrows,2.0,0
2000,0,Johnny Herbert,British,Jaguar,0.0,0
2000,0,Pedro Diniz,Brazilian,Sauber,0.0,0
2000,0,Marc Gené,Spanish,Minardi,0.0,0
2000,0,Nick Heidfeld,German,Prost,0.0,0
2000,0,Gastón Mazzacane,Argentine,Minardi,0.0,0
2000,0,Jean Alesi,French,Prost,0.0,0
2000,0,Luciano Burti,Brazilian,Jaguar,0.0,0
2001,1,Michael Schumacher,German,Ferrari,123.0,9
2001,2,David Coulthard,British,McLaren,65.0,2
2001,3,Rubens Barrichello,Brazilian,Ferrari,56.0,0
2001,4,Ralf Schumacher,German,Williams,49.0,3
2001,5,Mika Häkkinen,Finnish,McLaren,37.0,2
2001,6,Juan Pablo Montoya,Colombian,Williams,31.0,1
2001,7,Jacques Villeneuve,Canadian,BAR,12.0,0
2001,8,Nick Heidfeld,German,Sauber,12.0,0
2001,9,Jarno Trulli,Italian,Jordan,12.0,0
2001,10,Kimi Räikkönen,Finnish,Sauber,9.0,0
2001,11,Giancarlo Fisichella,Italian,Benetton,8.0,0
2001,12,Eddie Irvine,British,Jaguar,6.0,0
2001,13,Heinz-Harald Frentzen,German,Jordan,6.0,0
2001,14,Olivier Panis,French,BAR,5.0,0
2001,15,Jean Alesi,French,Prost,5.0,0
2001,16,Pedro de la Rosa,Spanish,Jaguar,3.0,0
2001,17,Jenson Button,British,Benetton,2.0,0
2001,18,Jos Verstappen,Dutch,Arrows,1.0,0
2001,0,Ricardo Zonta,Brazilian,Jordan,0.0,0
2001,0,Luciano Burti,Brazilian,Jaguar,0.0,0
2001,0,Enrique Bernoldi,Brazilian,Arrows,0.0,0
2001,0,Tarso Marques,Brazilian,Minardi,0.0,0
2001,0,Fernando Alonso,Spanish,Minardi,0.0,0
2001,0,Tomáš Enge,Czech,Prost,0.0,0
2001,0,Gastón Mazzacane,Argentine,Prost,0.0,0
2001,0,Alex Yoong,Malaysian,Minardi,0.0,0
2002,1,Michael Schumacher,German,Ferrari,144.0,11
2002,2,Rubens Barrichello,Brazilian,Ferrari,77.0,4
2002,3,Juan Pablo Montoya,Colombian,Williams,50.0,0
2002,4,Ralf Schumacher,German,Williams,42.0,1
2002,5,David Coulthard,British,McLaren,41.0,1
2002,6,Kimi Räikkönen,Finnish,McLaren,24.0,0
2002,7,Jenson Button,British,Renault,14.0,0
2002,8,Jarno Trulli,Italian,Renault,9.0,0
2002,9,Eddie Irvine,British,Jaguar,8.0,0
2002,10,Nick Heidfeld,German,Sauber,7.0,0
2002,11,Giancarlo Fisichella,Italian,Jordan,7.0,0
2002,12,Jacques Villeneuve,Canadian,BAR,4.0,0
2002,13,Felipe Massa,Brazilian,Sauber,4.0,0
2002,14,Olivier Panis,French,BAR,3.0,0
2002,15,Takuma Sato,Japanese,Jordan,2.0,0
2002,16,Mark Webber,Australian,Minardi,2.0,0
2002,17,Mika Salo,Finnish,Toyota,2.0,0
2002,18,Heinz-Harald Frentzen,German,Arrows,2.0,0
2002,19,Allan McNish,British,Toyota,0.0,0
2002,20,Alex Yoong,Malaysian,Minardi,0.0,0
2002,21,Pedro de la Rosa,Spanish,Jaguar,0.0,0
2002,22,Enrique Bernoldi,Brazilian,Arrows,0.0,0
2002,0,Anthony Davidson,British,Minardi,0.0,0
2003,1,Michael Schumacher,German,Ferrari,93.0,6
2003,2,Kimi Räikkönen,Finnish,McLaren,91.0,1
2003,3,Juan Pablo Montoya,Colombian,Williams,82.0,2
2003,4,Rubens Barrichello,Brazilian,Ferrari,65.0,2
2003,5,Ralf Schumacher,German,Williams,58.0,2
2003,6,Fernando Alonso,Spanish,Renault,55.0,1
2003,7,David Coulthard,British,McLaren,51.0,1
2003,8,Jarno Trulli,Italian,Renault,33.0,0
2003,9,Jenson Button,British,BAR,17.0,0
2003,10,Mark Webber,Australian,Jaguar,17.0,0
2003,11,Heinz-Harald Frentzen,German,Sauber,13.0,0
2003,12,Giancarlo Fisichella,Italian,Jordan,12.0,1
2003,13,Cristiano da Matta,Brazilian,Toyota,10.0,0
2003,14,Nick Heidfeld,German,Sauber,6.0,0
2003,15,Olivier Panis,French,Toyota,6.0,0
2003,16,Jacques Villeneuve,Canadian,BAR,6.0,0
2003,17,Marc Gené,Spanish,Williams,4.0,0
2003,18,Takuma Sato,Japanese,BAR,3.0,0
2003,19,Ralph Firman,Irish,Jordan,1.0,0
2003,20,Justin Wilson,British,Minardi,1.0,0
2003,21,Antônio Pizzonia,Brazilian,Jaguar,0.0,0
2003,22,Jos Verstappen,Dutch,Minardi,0.0,0
2003,23,Nicolas Kiesa,Danish,Minardi,0.0,0
2003,24,Zsolt Baumgartner,Hungarian,Jordan,0.0,0
2004,1,Michael Schumacher,German,Ferrari,148.0,13
2004,2,Rubens Barrichello,Brazilian,Ferrari,114.0,2
2004,3,Jenson Button,British,BAR,85.0,0
2004,4,Fernando Alonso,Spanish,Renault,59.0,0
2004,5,Juan Pablo Montoya,Colombian,Williams,58.0,1
2004,6,Jarno Trulli,Italian,Renault,46.0,1
2004,7,Kimi Räikkönen,Finnish,McLaren,45.0,1
2004,8,Takuma Sato,Japanese,BAR,34.0,0
2004,9,Ralf Schumacher,German,Williams,24.0,0
2004,10,David Coulthard,British,McLaren,24.0,0
2004,11,Giancarlo Fisichella,Italian,Sauber,22.0,0
2004,12,Felipe Massa,Brazilian,Sauber,12.0,0
2004,13,Mark Webber,Australian,Jaguar,7.0,0
2004,14,Olivier Panis,French,Toyota,6.0,0
2004,15,Antônio Pizzonia,Brazilian,Williams,6.0,0
2004,16,Christian Klien,Austrian,Jaguar,3.0,0
2004,17,Cristiano da Matta,Brazilian,Toyota,3.0,0
2004,18,Nick Heidfeld,German,Jordan,3.0,0
2004,19,Timo Glock,German,Jordan,2.0,0
2004,20,Zsolt Baumgartner,Hungarian,Minardi,1.0,0
2004,21,Jacques Villeneuve,Canadian,Renault,0.0,0
2004,22,Ricardo Zonta,Brazilian,Toyota,0.0,0
2004,23,Marc Gené,Spanish,Williams,0.0,0
2004,24,Giorgio Pantano,Italian,Jordan,0.0,0
2004,25,Gianmaria Bruni,Italian,Minardi,0.0,0
2005,1,Fernando Alonso,Spanish,Renault,133.0,7
2005,2,Kimi Räikkönen,Finnish,McLaren,112.0,7
2005,3,Michael Schumacher,German,Ferrari,62.0,1
2005,4,Juan Pablo Montoya,Colombian,McLaren,60.0,3
2005,5,Giancarlo Fisichella,Italian,Renault,58.0,1
2005,6,Ralf Schumacher,German,Toyota,45.0,0
2005,7,Jarno Trulli,Italian,Toyota,43.0,0
2005,8,Rubens Barrichello,Brazilian,Ferrari,38.0,0
2005,9,Jenson Button,British,BAR,37.0,0
2005,10,Mark Webber,Australian,Williams,36.0,0
2005,11,Nick Heidfeld,German,Williams,28.0,0
2005,12,David Coulthard,British,Red Bull,24.0,0
2005,13,Felipe Massa,Brazilian,Sauber,11.0,0
2005,14,Jacques Villeneuve,Canadian,Sauber,9.0,0
2005,15,Christian Klien,Austrian,Red Bull,9.0,0
2005,16,Tiago Monteiro,Portuguese,Jordan,7.0,0
2005,17,Alexander Wurz,Austrian,McLaren,6.0,0
2005,18,Narain Karthikeyan,Indian,Jordan,5.0,0
2005,19,Christijan Albers,Dutch,Minardi,4.0,0
2005,20,Pedro de la Rosa,Spanish,McLaren,4.0,0
2005,21,Patrick Friesacher,Austrian,Minardi,3.0,0
2005,22,Antônio Pizzonia,Brazilian,Williams,2.0,0
2005,23,Takuma Sato,Japanese,BAR,1.0,0
2005,24,Vitantonio Liuzzi,Italian,Red Bull,1.0,0
2005,25,Robert Doornbos,Dutch,Minardi,0.0,0
2005,0,Ricardo Zonta,Brazilian,Toyota,0.0,0
2005,0,Anthony Davidson,British,BAR,0.0,0
2006,1,Fernando Alonso,Spanish,Renault,134.0,7
2006,2,Michael Schumacher,German,Ferrari,121.0,7
2006,3,Felipe Massa,Brazilian,Ferrari,80.0,2
2006,4,Giancarlo Fisichella,Italian,Renault,72.0,1
2006,5,Kimi Räikkönen,Finnish,McLaren,65.0,0
2006,6,Jenson Button,British,Honda,56.0,1
2006,7,Rubens Barrichello,Brazilian,Honda,30.0,0
2006,8,Juan Pablo Montoya,Colombian,McLaren,26.0,0
2006,9,Nick Heidfeld,German,BMW Sauber,23.0,0
2006,10,Ralf Schumacher,German,Toyota,20.0,0
2006,11,Pedro de la Rosa,Spanish,McLaren,19.0,0
2006,12,Jarno Trulli,Italian,Toyota,15.0,0
2006,13,David Coulthard,British,Red Bull,14.0,0
2006,14,Mark Webber,Australian,Williams,7.0,0
2006,15,Jacques Villeneuve,Canadian,BMW Sauber,7.0,0
2006,16,Robert Kubica,Polish,BMW Sauber,6.0,0
2006,17,Nico Rosberg,German,Williams,4.0,0
2006,18,Christian Klien,Austrian,Red Bull,2.0,0
2006,19,Vitantonio Liuzzi,Italian,Toro Rosso,1.0,0
2006,20,Scott Speed,American,Toro Rosso,0.0,0
2006,21,Tiago Monteiro,Portuguese,MF1,0.0,0
2006,22,Christijan Albers,Dutch,MF1,0.0,0
2006,23,Takuma Sato,Japanese,Super Aguri,0.0,0
2006,24,Robert Doornbos,Dutch,Red Bull,0.0,0
2006,25,Yuji Ide,Japanese,Super Aguri,0.0,0
2006,26,Sakon Yamamoto,Japanese,Super Aguri,0.0,0
2006,27,Franck Montagny,French,Super Aguri,0.0,0
2007,1,Kimi Räikkönen,Finnish,Ferrari,110.0,6
2007,2,Lewis Hamilton,British,McLaren,109.0,4
2007,3,Fernando Alonso,Spanish,McLaren,109.0,4
2007,4,Felipe Massa,Brazilian,Ferrari,94.0,3
2007,5,Nick Heidfeld,German,BMW Sauber,61.0,0
2007,6,Robert Kubica,Polish,BMW Sauber,39.0,0
2007,7,Heikki Kovalainen,Finnish,Renault,30.0,0
2007,8,Giancarlo Fisichella,Italian,Renault,21.0,0
2007,9,Nico Rosberg,German,Williams,20.0,0
2007,10,David Coulthard,British,Red Bull,14.0,0
2007,11,Alexander Wurz,Austrian,Williams,13.0,0
2007,12,Mark Webber,Australian,Red Bull,10.0,0
2007,13,Jarno Trulli,Italian,Toyota,8.0,0
2007,14,Sebastian Vettel,German,BMW Sauber,6.0,0
2007,15,Jenson Button,British,Honda,6.0,0
2007,16,Ralf Schumacher,German,Toyota,5.0,0
2007,17,Takuma Sato,Japanese,Super Aguri,4.0,0
2007,18,Vitantonio Liuzzi,Italian,Toro Rosso,3.0,0
2007,19,Adrian Sutil,German,Spyker,1.0,0
2007,20,Rubens Barrichello,Brazilian,Honda,0.0,0
2007,21,Scott Speed,American,Toro Rosso,0.0,0
2007,22,Kazuki Nakajima,Japanese,Williams,0.0,0
2007,23,Anthony Davidson,British,Super Aguri,0.0,0
2007,24,Sakon Yamamoto,Japanese,Spyker,0.0,0
2007,25,Christijan Albers,Dutch,Spyker,0.0,0
2007,0,Markus Winkelhock,German,Spyker,0.0,0
2008,1,Lewis Hamilton,British,McLaren,98.0,5
2008,2,Felipe Massa,Brazilian,Ferrari,97.0,6
2008,3,Kimi Räikkönen,Finnish,Ferrari,75.0,2
2008,4,Robert Kubica,Polish,BMW Sauber,75.0,1
2008,5,Fernando Alonso,Spanish,Renault,61.0,2
2008,6,Nick Heidfeld,German,BMW Sauber,60.0,0
2008,7,Heikki Kovalainen,Finnish,McLaren,53.0,1
2008,8,Sebastian Vettel,German,Toro Rosso,35.0,1
2008,9,Jarno Trulli,Italian,Toyota,31.0,0
2008,10,Timo Glock,German,Toyota,25.0,0
2008,11,Mark Webber,Australian,Red Bull,21.0,0
2008,12,Nelson Piquet Jr.,Brazilian,Renault,19.0,0
2008,13,Nico Rosberg,German,Williams,17.0,0
2008,14,Rubens Barrichello,Brazilian,Honda,11.0,0
2008,15,Kazuki Nakajima,Japanese,Williams,9.0,0
2008,16,David Coulthard,British,Red Bull,8.0,0
2008,17,Sébastien Bourdais,French,Toro Rosso,4.0,0
2008,18,Jenson Button,British,Honda,3.0,0
2008,19,Giancarlo Fisichella,Italian,Force India,0.0,0
2008,20,Adrian Sutil,German,Force India,0.0,0
2008,21,Takuma Sato,Japanese,Super Aguri,0.0,0
2008,22,Anthony Davidson,British,Super Aguri,0.0,0
2009,1,Jenson Button,British,Brawn,95.0,6
2009,2,Sebastian Vettel,German,Red Bull,84.0,4
2009,3,Rubens Barrichello,Brazilian,Brawn,77.0,2
2009,4,Mark Webber,Australian,Red Bull,69.5,2
2009,5,Lewis Hamilton,British,McLaren,49.0,2
2009,6,Kimi Räikkönen,Finnish,Ferrari,48.0,1
2009,7,Nico Rosberg,German,Williams,34.5,0
2009,8,Jarno Trulli,Italian,Toyota,32.5,0
2009,9,Fernando Alonso,Spanish,Renault,26.0,0
2009,10,Timo Glock,German,Toyota,24.0,0
2009,11,Felipe Massa,Brazilian,Ferrari,22.0,0
2009,12,Heikki Kovalainen,Finnish,McLaren,22.0,0
2009,13,Nick Heidfeld,German,BMW Sauber,19.0,0
2009,14,Robert Kubica,Polish,BMW Sauber,17.0,0
2009,15,Giancarlo Fisichella,Italian,Force India,8.0,0
2009,16,Sébastien Buemi,Swiss,Toro Rosso,6.0,0
2009,17,Adrian Sutil,German,Force India,5.0,0
2009,18,Kamui Kobayashi,Japanese,Toyota,3.0,0
2009,19,Sébastien Bourdais,French,Toro Rosso,2.0,0
2009,20,Kazuki Nakajima,Japanese,Williams,0.0,0
2009,21,Nelson Piquet Jr.,Brazilian,Renault,0.0,0
2009,22,Vitantonio Liuzzi,Italian,Force India,0.0,0
2009,23,Romain Grosjean,French,Renault,0.0,0
2009,24,Jaime Alguersuari,Spanish,Toro Rosso,0.0,0
2009,25,Luca Badoer,Italian,Ferrari,0.0,0
2010,1,Sebastian Vettel,German,Red Bull,256.0,5
2010,2,Fernando Alonso,Spanish,Ferrari,252.0,5
2010,3,Mark Webber,Australian,Red Bull,242.0,4
2010,4,Lewis Hamilton,British,McLaren,240.0,3
2010,5,Jenson Button,British,McLaren,214.0,2
2010,6,Felipe Massa,Brazilian,Ferrari,144.0,0
2010,7,Nico Rosberg,German,Mercedes,142.0,0
2010,8,Robert Kubica,Polish,Renault,136.0,0
2010,9,Michael Schumacher,German,Mercedes,72.0,0
2010,10,Rubens Barrichello,Brazilian,Williams,47.0,0
2010,11,Adrian Sutil,German,Force India,47.0,0
2010,12,Kamui Kobayashi,Japanese,Sauber,32.0,0
2010,13,Vitaly Petrov,Russian,Renault,27.0,0
2010,14,Nico Hülkenberg,German,Williams,22.0,0
2010,15,Vitantonio Liuzzi,Italian,Force India,21.0,0
2010,16,Sébastien Buemi,Swiss,Toro Rosso,8.0,0
2010,17,Pedro de la Rosa,Spanish,Sauber,6.0,0
2010,18,Nick Heidfeld,German,Sauber,6.0,0
2010,19,Jaime Alguersuari,Spanish,Toro Rosso,5.0,0
2010,20,Heikki Kovalainen,Finnish,Lotus,0.0,0
2010,21,Jarno Trulli,Italian,Lotus,0.0,0
2010,22,Karun Chandhok,Indian,HRT,0.0,0
2010,23,Bruno Senna,Brazilian,HRT,0.0,0
2010,24,Lucas di Grassi,Brazilian,Virgin,0.0,0
2010,25,Timo Glock,German,Virgin,0.0,0
2010,26,Sakon Yamamoto,Japanese,HRT,0.0,0
2010,27,Christian Klien,Austrian,HRT,0.0,0
2011,1,Sebastian Vettel,German,Red Bull,392.0,11
2011,2,Jenson Button,British,McLaren,270.0,3
2011,3,Mark Webber,Australian,Red Bull,258.0,1
2011,4,Fernando Alonso,Spanish,Ferrari,257.0,1
2011,5,Lewis Hamilton,British,McLaren,227.0,3
2011,6,Felipe Massa,Brazilian,Ferrari,118.0,0
2011,7,Nico Rosberg,German,Mercedes,89.0,0
2011,8,Michael Schumacher,German,Mercedes,76.0,0
2011,9,Adrian Sutil,German,Force India,42.0,0
2011,10,Vitaly Petrov,Russian,Renault,37.0,0
2011,11,Nick Heidfeld,German,Renault,34.0,0
2011,12,Kamui Kobayashi,Japanese,Sauber,30.0,0
2011,13,Paul di Resta,British,Force India,27.0,0
2011,14,Jaime Alguersuari,Spanish,Toro Rosso,26.0,0
2011,15,Sébastien Buemi,Swiss,Toro Rosso,15.0,0
2011,16,Sergio Pérez,Mexican,Sauber,14.0,0
2011,17,Rubens Barrichello,Brazilian,Williams,4.0,0
2011,18,Bruno Senna,Brazilian,Renault,2.0,0
2011,19,Pastor Maldonado,Venezuelan,Williams,1.0,0
2011,20,Pedro de la Rosa,Spanish,Sauber,0.0,0
2011,21,Jarno Trulli,Italian,Lotus,0.0,0
2011,22,Heikki Kovalainen,Finnish,Lotus,0.0,0
2011,23,Vitantonio Liuzzi,Italian,HRT,0.0,0
2011,24,Jérôme d'Ambrosio,Belgian,Virgin,0.0,0
2011,25,Timo Glock,German,Virgin,0.0,0
2011,26,Narain Karthikeyan,Indian,HRT,0.0,0
2011,27,Daniel Ricciardo,Australian,HRT,0.0,0
2011,28,Karun Chandhok,Indian,Lotus,0.0,0
2012,1,Sebastian Vettel,German,Red Bull,281.0,5
2012,2,Fernando Alonso,Spanish,Ferrari,278.0,3
2012,3,Kimi Räikkönen,Finnish,Lotus F1,207.0,1
2012,4,Lewis Hamilton,British,McLaren,190.0,4
2012,5,Jenson Button,British,McLaren,188.0,3
2012,6,Mark Webber,Australian,Red Bull,179.0,2
2012,7,Felipe Massa,Brazilian,Ferrari,122.0,0
2012,8,Romain Grosjean,French,Lotus F1,96.0,0
2012,9,Nico Rosberg,German,Mercedes,93.0,1
2012,10,Sergio Pérez,Mexican,Sauber,66.0,0
2012,11,Nico Hülkenberg,German,Force India,63.0,0
2012,12,Kamui Kobayashi,Japanese,Sauber,60.0,0
2012,13,Michael Schumacher,German,Mercedes,49.0,0
2012,14,Paul di Resta,British,Force India,46.0,0
2012,15,Pastor Maldonado,Venezuelan,Williams,45.0,1
2012,16,Bruno Senna,Brazilian,Williams,31.0,0
2012,17,Jean-Éric Vergne,French,Toro Rosso,16.0,0
2012,18,Daniel Ricciardo,Australian,Toro Rosso,10.0,0
2012,19,Vitaly Petrov,Russian,Caterham,0.0,0
2012,20,Timo Glock,German,Marussia,0.0,0
2012,21,Charles Pic,French,Marussia,0.0,0
2012,22,Heikki Kovalainen,Finnish,Caterham,0.0,0
2012,23,Jérôme d'Ambrosio,Belgian,Lotus F1,0.0,0
2012,24,Narain Karthikeyan,Indian,HRT,0.0,0
2012,25,Pedro de la Rosa,Spanish,HRT,0.0,0
2013,1,Sebastian Vettel,German,Red Bull,397.0,13
2013,2,Fernando Alonso,Spanish,Ferrari,242.0,2
2013,3,Mark Webber,Australian,Red Bull,199.0,0
2013,4,Lewis Hamilton,British,Mercedes,189.0,1
2013,5,Kimi Räikkönen,Finnish,Lotus F1,183.0,1
2013,6,Nico Rosberg,German,Mercedes,171.0,2
2013,7,Romain Grosjean,French,Lotus F1,132.0,0
2013,8,Felipe Massa,Brazilian,Ferrari,112.0,0
2013,9,Jenson Button,British,McLaren,73.0,0
2013,10,Nico Hülkenberg,German,Sauber,51.0,0
2013,11,Sergio Pérez,Mexican,McLaren,49.0,0
2013,12,Paul di Resta,British,Force India,48.0,0
2013,13,Adrian Sutil,German,Force India,29.0,0
2013,14,Daniel Ricciardo,Australian,Toro Rosso,20.0,0
2013,15,Jean-Éric Vergne,French,Toro Rosso,13.0,0
2013,16,Esteban Gutiérrez,Mexican,Sauber,6.0,0
2013,17,Valtteri Bottas,Finnish,Williams,4.0,0
2013,18,Pastor Maldonado,Venezuelan,Williams,1.0,0
2013,19,Jules Bianchi,French,Marussia,0.0,0
2013,20,Charles Pic,French,Caterham,0.0,0
2013,21,Giedo van der Garde,Dutch,Caterham,0.0,0
2013,22,Heikki Kovalainen,Finnish,Lotus F1,0.0,0
2013,23,Max Chilton,British,Marussia,0.0,0
2014,1,Lewis Hamilton,British,Mercedes,384.0,11
2014,2,Nico Rosberg,German,Mercedes,317.0,5
2014,3,Daniel Ricciardo,Australian,Red Bull,238.0,3
2014,4,Valtteri Bottas,Finnish,Williams,186.0,0
2014,5,Sebastian Vettel,German,Red Bull,167.0,0
2014,6,Fernando Alonso,Spanish,Ferrari,161.0,0
2014,7,Felipe Massa,Brazilian,Williams,134.0,0
2014,8,Jenson Button,British,McLaren,126.0,0
2014,9,Nico Hülkenberg,German,Force India,96.0,0
2014,10,Sergio Pérez,Mexican,Force India,59.0,0
2014,11,Kevin Magnussen,Danish,McLaren,55.0,0
2014,12,Kimi Räikkönen,Finnish,Ferrari,55.0,0
2014,13,Jean-Éric Vergne,French,Toro Rosso,22.0,0
2014,14,Romain Grosjean,French,Lotus F1,8.0,0
2014,15,Daniil Kvyat,Russian,Toro Rosso,8.0,0
2014,16,Pastor Maldonado,Venezuelan,Lotus F1,2.0,0
2014,17,Jules Bianchi,French,Marussia,2.0,0
2014,18,Adrian Sutil,German,Sauber,0.0,0
2014,19,Marcus Ericsson,Swedish,Caterham,0.0,0
2014,20,Esteban Gutiérrez,Mexican,Sauber,0.0,0
2014,21,Max Chilton,British,Marussia,0.0,0
2014,22,Kamui Kobayashi,Japanese,Caterham,0.0,0
2014,23,Will Stevens,British,Caterham,0.0,0
2014,0,André Lotterer,German,Caterham,0.0,0
2015,1,Lewis Hamilton,British,Mercedes,381.0,10
2015,2,Nico Rosberg,German,Mercedes,322.0,6
2015,3,Sebastian Vettel,German,Ferrari,278.0,3
2015,4,Kimi Räikkönen,Finnish,Ferrari,150.0,0
2015,5,Valtteri Bottas,Finnish,Williams,136.0,0
2015,6,Felipe Massa,Brazilian,Williams,121.0,0
2015,7,Daniil Kvyat,Russian,Red Bull,95.0,0
2015,8,Daniel Ricciardo,Australian,Red Bull,92.0,0
2015,9,Sergio Pérez,Mexican,Force India,78.0,0
2015,10,Nico Hülkenberg,German,Force India,58.0,0
2015,11,Romain Grosjean,French,Lotus F1,51.0,0
2015,12,Max Verstappen,Dutch,Toro Rosso,49.0,0
2015,13,Felipe Nasr,Brazilian,Sauber,27.0,0
2015,14,Pastor Maldonado,Venezuelan,Lotus F1,27.0,0
2015,15,Carlos Sainz,Spanish,Toro Rosso,18.0,0
2015,16,Jenson Button,British,McLaren,16.0,0
2015,17,Fernando Alonso,Spanish,McLaren,11.0,0
2015,18,Marcus Ericsson,Swedish,Sauber,9.0,0
2015,19,Roberto Merhi,Spanish,Manor Marussia,0.0,0
2015,20,Alexander Rossi,American,Manor Marussia,0.0,0
2015,21,Will Stevens,British,Manor Marussia,0.0,0
2015,0,Kevin Magnussen,Danish,McLaren,0.0,0
2016,1,Nico Rosberg,German,Mercedes,385.0,9
2016,2,Lewis Hamilton,British,Mercedes,380.0,10
2016,3,Daniel Ricciardo,Australian,Red Bull,256.0,1
2016,4,Sebastian Vettel,German,Ferrari,212.0,0
2016,5,Max Verstappen,Dutch,Toro Rosso,204.0,1
2016,6,Kimi Räikkönen,Finnish,Ferrari,186.0,0
2016,7,Sergio Pérez,Mexican,Force India,101.0,0
2016,8,Valtteri Bottas,Finnish,Williams,85.0,0
2016,9,Nico Hülkenberg,German,Force India,72.0,0
2016,10,Fernando Alonso,Spanish,McLaren,54.0,0
2016,11,Felipe Massa,Brazilian,Williams,53.0,0
2016,12,Carlos Sainz,Spanish,Toro Rosso,46.0,0
2016,13,Romain Grosjean,French,Haas F1 Team,29.0,0
2016,14,Daniil Kvyat,Russian,Red Bull,25.0,0
2016,15,Jenson Button,British,McLaren,21.0,0
2016,16,Kevin Magnussen,Danish,Renault,7.0,0
2016,17,Felipe Nasr,Brazilian,Sauber,2.0,0
2016,18,Jolyon Palmer,British,Renault,1.0,0
2016,19,Pascal Wehrlein,German,Manor Marussia,1.0,0
2016,20,Stoffel Vandoorne,Belgian,McLaren,1.0,0
2016,21,Esteban Gutiérrez,Mexican,Haas F1 Team,0.0,0
2016,22,Marcus Ericsson,Swedish,Sauber,0.0,0
2016,23,Esteban Ocon,French,Manor Marussia,0.0,0
2016,24,Rio Haryanto,Indonesian,Manor Marussia,0.0,0
2017,1,Lewis Hamilton,British,Mercedes,363.0,9
2017,2,Sebastian Vettel,German,Ferrari,317.0,5
2017,3,Valtteri Bottas,Finnish,Mercedes,305.0,3
2017,4,Kimi Räikkönen,Finnish,Ferrari,205.0,0
2017,5,Daniel Ricciardo,Australian,Red Bull,200.0,1
2017,6,Max Verstappen,Dutch,Red Bull,168.0,2
2017,7,Sergio Pérez,Mexican,Force India,100.0,0
2017,8,Esteban Ocon,French,Force India,87.0,0
2017,9,Carlos Sainz,Spanish,Toro Rosso,54.0,0
2017,10,Nico Hülkenberg,German,Renault,43.0,0
2017,11,Felipe Massa,Brazilian,Williams,43.0,0
2017,12,Lance Stroll,Canadian,Williams,40.0,0
2017,13,Romain Grosjean,French,Haas F1 Team,28.0,0
2017,14,Kevin Magnussen,Danish,Haas F1 Team,19.0,0
2017,15,Fernando Alonso,Spanish,McLaren,17.0,0
2017,16,Stoffel Vandoorne,Belgian,McLaren,13.0,0
2017,17,Jolyon Palmer,British,Renault,8.0,0
2017,18,Pascal Wehrlein,German,Sauber,5.0,0
2017,19,Daniil Kvyat,Russian,Toro Rosso,5.0,0
2017,20,Marcus Ericsson,Swedish,Sauber,0.0,0
2017,21,Pierre Gasly,French,Toro Rosso,0.0,0
2017,22,Antonio Giovinazzi,Italian,Sauber,0.0,0
2017,23,Brendon Hartley,New Zealander,Toro Rosso,0.0,0
2017,0,Jenson Button,British,McLaren,0.0,0
2017,0,Paul di Resta,British,Williams,0.0,0
2018,1,Lewis Hamilton,British,Mercedes,408.0,11
2018,2,Sebastian Vettel,German,Ferrari,320.0,5
2018,3,Kimi Räikkönen,Finnish,Ferrari,251.0,1
2018,4,Max Verstappen,Dutch,Red Bull,249.0,2
2018,5,Valtteri Bottas,Finnish,Mercedes,247.0,0
2018,6,Daniel Ricciardo,Australian,Red Bull,170.0,2
2018,7,Nico Hülkenberg,German,Renault,69.0,0
2018,8,Sergio Pérez,Mexican,Force India,62.0,0
2018,9,Kevin Magnussen,Danish,Haas F1 Team,56.0,0
2018,10,Carlos Sainz,Spanish,Renault,53.0,0
2018,11,Fernando Alonso,Spanish,McLaren,50.0,0
2018,12,Esteban Ocon,French,Force India,49.0,0
2018,13,Charles Leclerc,Monegasque,Sauber,39.0,0
2018,14,Romain Grosjean,French,Haas F1 Team,37.0,0
2018,15,Pierre Gasly,French,Toro Rosso,29.0,0
2018,16,Stoffel Vandoorne,Belgian,McLaren,12.0,0
2018,17,Marcus Ericsson,Swedish,Sauber,9.0,0
2018,18,Lance Stroll,Canadian,Williams,6.0,0
2018,19,Brendon Hartley,New Zealander,Toro Rosso,4.0,0
2018,20,Sergey Sirotkin,Russian,Williams,1.0,0
2019,1,Lewis Hamilton,British,Mercedes,413.0,11
2019,2,Valtteri Bottas,Finnish,Mercedes,326.0,4
2019,3,Max Verstappen,Dutch,Red Bull,278.0,3
2019,4,Charles Leclerc,Monegasque,Ferrari,264.0,2
2019,5,Sebastian Vettel,German,Ferrari,240.0,1
2019,6,Carlos Sainz,Spanish,McLaren,96.0,0
2019,7,Pierre Gasly,French,Red Bull,95.0,0
2019,8,Alexander Albon,Thai,Toro Rosso,92.0,0
2019,9,Daniel Ricciardo,Australian,Renault,54.0,0
2019,10,Sergio Pérez,Mexican,Racing Point,52.0,0
2019,11,Lando Norris,British,McLaren,49.0,0
2019,12,Kimi Räikkönen,Finnish,Alfa Romeo,43.0,0
2019,13,Daniil Kvyat,Russian,Toro Rosso,37.0,0
2019,14,Nico Hülkenberg,German,Renault,37.0,0
2019,15,Lance Stroll,Canadian,Racing Point,21.0,0
2019,16,Kevin Magnussen,Danish,Haas F1 Team,20.0,0
2019,17,Antonio Giovinazzi,Italian,Alfa Romeo,14.0,0
2019,18,Romain Grosjean,French,Haas F1 Team,8.0,0
2019,19,Robert Kubica,Polish,Williams,1.0,0
2019,20,George Russell,British,Williams,0.0,0
2020,1,Lewis Hamilton,British,Mercedes,347.0,11
2020,2,Valtteri Bottas,Finnish,Mercedes,223.0,2
2020,3,Max Verstappen,Dutch,Red Bull,214.0,2
2020,4,Sergio Pérez,Mexican,Racing Point,125.0,1
2020,5,Daniel Ricciardo,Australian,Renault,119.0,0
2020,6,Carlos Sainz,Spanish,McLaren,105.0,0
2020,7,Alexander Albon,Thai,Red Bull,105.0,0
2020,8,Charles Leclerc,Monegasque,Ferrari,98.0,0
2020,9,Lando Norris,British,McLaren,97.0,0
2020,10,Pierre Gasly,French,AlphaTauri,75.0,1
2020,11,Lance Stroll,Canadian,Racing Point,75.0,0
2020,12,Esteban Ocon,French,Renault,62.0,0
2020,13,Sebastian Vettel,German,Ferrari,33.0,0
2020,14,Daniil Kvyat,Russian,AlphaTauri,32.0,0
2020,15,Nico Hülkenberg,German,Racing Point,10.0,0
2020,16,Kimi Räikkönen,Finnish,Alfa Romeo,4.0,0
2020,17,Antonio Giovinazzi,Italian,Alfa Romeo,4.0,0
2020,18,George Russell,British,Williams,3.0,0
2020,19,Romain Grosjean,French,Haas F1 Team,2.0,0
2020,20,Kevin Magnussen,Danish,Haas F1 Team,1.0,0
2020,21,Nicholas Latifi,Canadian,Williams,0.0,0
2020,22,Jack Aitken,British,Williams,0.0,0
2020,23,Pietro Fittipaldi,Brazilian,Haas F1 Team,0.0,0
2021,1,Max Verstappen,Dutch,Red Bull,395.5,10
2021,2,Lewis Hamilton,British,Mercedes,387.5,8
2021,3,Valtteri Bottas,Finnish,Mercedes,226.0,1
2021,4,Sergio Pérez,Mexican,Red Bull,190.0,1
2021,5,Carlos Sainz,Spanish,Ferrari,164.5,0
2021,6,Lando Norris,British,McLaren,160.0,0
2021,7,Charles Leclerc,Monegasque,Ferrari,159.0,0
2021,8,Daniel Ricciardo,Australian,McLaren,115.0,1
2021,9,Pierre Gasly,French,AlphaTauri,110.0,0
2021,10,Fernando Alonso,Spanish,Alpine F1 Team,81.0,0
2021,11,Esteban Ocon,French,Alpine F1 Team,74.0,1
2021,12,Sebastian Vettel,German,Aston Martin,43.0,0
2021,13,Lance Stroll,Canadian,Aston Martin,34.0,0
2021,14,Yuki Tsunoda,Japanese,AlphaTauri,32.0,0
2021,15,George Russell,British,Williams,16.0,0
2021,16,Kimi Räikkönen,Finnish,Alfa Romeo,10.0,0
2021,17,Nicholas Latifi,Canadian,Williams,7.0,0
2021,18,Antonio Giovinazzi,Italian,Alfa Romeo,3.0,0
2021,19,Mick Schumacher,German,Haas F1 Team,0.0,0
2021,20,Robert Kubica,Polish,Alfa Romeo,0.0,0
2021,21,Nikita Mazepin,Russian,Haas F1 Team,0.0,0
2022,1,Max Verstappen,Dutch,Red Bull,454.0,15
2022,2,Charles Leclerc,Monegasque,Ferrari,308.0,3
2022,3,Sergio Pérez,Mexican,Red Bull,305.0,2
2022,4,George Russell,British,Mercedes,275.0,1
2022,5,Carlos Sainz,Spanish,Ferrari,246.0,1
2022,6,Lewis Hamilton,British,Mercedes,240.0,0
2022,7,Lando Norris,British,McLaren,122.0,0
2022,8,Esteban Ocon,French,Alpine F1 Team,92.0,0
2022,9,Fernando Alonso,Spanish,Alpine F1 Team,81.0,0
2022,10,Valtteri Bottas,Finnish,Alfa Romeo,49.0,0
2022,11,Daniel Ricciardo,Australian,McLaren,37.0,0
2022,12,Sebastian Vettel,German,Aston Martin,37.0,0
2022,13,Kevin Magnussen,Danish,Haas F1 Team,25.0,0
2022,14,Pierre Gasly,French,AlphaTauri,23.0,0
2022,15,Lance Stroll,Canadian,Aston Martin,18.0,0
2022,16,Mick Schumacher,German,Haas F1 Team,12.0,0
2022,17,Yuki Tsunoda,Japanese,AlphaTauri,12.0,0
2022,18,Guanyu Zhou,Chinese,Alfa Romeo,6.0,0
2022,19,Alexander Albon,Thai,Williams,4.0,0
2022,20,Nicholas Latifi,Canadian,Williams,2.0,0
2022,21,Nyck de Vries,Dutch,Williams,2.0,0
2022,22,Nico Hülkenberg,German,Aston Martin,0.0,0
2023,1,Max Verstappen,Dutch,Red Bull,575.0,19
2023,2,Sergio Pérez,Mexican,Red Bull,285.0,2
2023,3,Lewis Hamilton,British,Mercedes,234.0,0
2023,4,Fernando Alonso,Spanish,Aston Martin,206.0,0
2023,5,Charles Leclerc,Monegasque,Ferrari,206.0,0
2023,6,Lando Norris,British,McLaren,205.0,0
2023,7,Carlos Sainz,Spanish,Ferrari,200.0,1
2023,8,George Russell,British,Mercedes,175.0,0
2023,9,Oscar Piastri,Australian,McLaren,97.0,0
2023,10,Lance Stroll,Canadian,Aston Martin,74.0,0
2023,11,Pierre Gasly,French,Alpine F1 Team,62.0,0
2023,12,Esteban Ocon,French,Alpine F1 Team,58.0,0
2023,13,Alexander Albon,Thai,Williams,27.0,0
2023,14,Yuki Tsunoda,Japanese,AlphaTauri,17.0,0
2023,15,Valtteri Bottas,Finnish,Alfa Romeo,10.0,0
2023,16,Nico Hülkenberg,German,Haas F1 Team,9.0,0
2023,17,Daniel Ricciardo,Australian,AlphaTauri,6.0,0
2023,18,Guanyu Zhou,Chinese,Alfa Romeo,6.0,0
2023,19,Kevin Magnussen,Danish,Haas F1 Team,3.0,0
2023,20,Liam Lawson,New Zealander,AlphaTauri,2.0,0
2023,21,Logan Sargeant,American,Williams,1.0,0
2023,22,Nyck de Vries,Dutch,AlphaTauri,0.0,0
2024,1,Max Verstappen,Dutch,Red Bull,437.0,9
2024,2,Lando Norris,British,McLaren,374.0,4
2024,3,Charles Leclerc,Monegasque,Ferrari,356.0,3
2024,4,Oscar Piastri,Australian,McLaren,292.0,2
2024,5,Carlos Sainz,Spanish,Ferrari,290.0,2
2024,6,George Russell,British,Mercedes,245.0,2
2024,7,Lewis Hamilton,British,Mercedes,223.0,2
2024,8,Sergio Pérez,Mexican,Red Bull,152.0,0
2024,9,Fernando Alonso,Spanish,Aston Martin,70.0,0
2024,10,Pierre Gasly,French,Alpine F1 Team,42.0,0
2024,11,Nico Hülkenberg,German,Haas F1 Team,41.0,0
2024,12,Yuki Tsunoda,Japanese,RB F1 Team,30.0,0
2024,13,Lance Stroll,Canadian,Aston Martin,24.0,0
2024,14,Esteban Ocon,French,Alpine F1 Team,23.0,0
2024,15,Kevin Magnussen,Danish,Haas F1 Team,16.0,0
2024,16,Alexander Albon,Thai,Williams,12.0,0
2024,17,Daniel Ricciardo,Australian,RB F1 Team,12.0,0
2024,18,Oliver Bearman,British,Ferrari,7.0,0
2024,19,Franco Colapinto,Argentine,Williams,5.0,0
2024,20,Guanyu Zhou,Chinese,Sauber,4.0,0
2024,21,Liam Lawson,New Zealander,RB F1 Team,4.0,0
2024,22,Valtteri Bottas,Finnish,Sauber,0.0,0
2024,23,Logan Sargeant,American,Williams,0.0,0
2024,24,Jack Doohan,Australian,Alpine F1 Team,0.0,0
2025,1,Lando Norris,British,McLaren,423.0,7
2025,2,Max Verstappen,Dutch,Red Bull,421.0,8
2025,3,Oscar Piastri,Australian,McLaren,410.0,7
2025,4,George Russell,British,Mercedes,319.0,2
2025,5,Charles Leclerc,Monegasque,Ferrari,242.0,0
2025,6,Lewis Hamilton,British,Ferrari,156.0,0
2025,7,Andrea Kimi Antonelli,Italian,Mercedes,150.0,0
2025,8,Alexander Albon,Thai,Williams,73.0,0
2025,9,Carlos Sainz,Spanish,Williams,64.0,0
2025,10,Fernando Alonso,Spanish,Aston Martin,56.0,0
2025,11,Nico Hülkenberg,German,Sauber,51.0,0
2025,12,Isack Hadjar,French,RB F1 Team,51.0,0
2025,13,Oliver Bearman,British,Haas F1 Team,41.0,0
2025,14,Liam Lawson,New Zealander,Red Bull,38.0,0
2025,15,Esteban Ocon,French,Haas F1 Team,38.0,0
2025,16,Lance Stroll,Canadian,Aston Martin,33.0,0
2025,17,Yuki Tsunoda,Japanese,RB F1 Team,33.0,0
2025,18,Pierre Gasly,French,Alpine F1 Team,22.0,0
2025,19,Gabriel Bortoleto,Brazilian,Sauber,19.0,0
2025,20,Franco Colapinto,Argentine,Alpine F1 Team,0.0,0
2025,21,Jack Doohan,Australian,Alpine F1 Team,0.0,0
2026,1,Andrea Kimi Antonelli,Italian,Mercedes,72.0,2
2026,2,George Russell,British,Mercedes,63.0,1
2026,3,Charles Leclerc,Monegasque,Ferrari,49.0,0
2026,4,Lewis Hamilton,British,Ferrari,41.0,0
2026,5,Lando Norris,British,McLaren,25.0,0
2026,6,Oscar Piastri,Australian,McLaren,21.0,0
2026,7,Oliver Bearman,British,Haas F1 Team,17.0,0
2026,8,Pierre Gasly,French,Alpine F1 Team,15.0,0
2026,9,Max Verstappen,Dutch,Red Bull,12.0,0
2026,10,Liam Lawson,New Zealander,RB F1 Team,10.0,0
2026,11,Arvid Lindblad,British,RB F1 Team,4.0,0
2026,12,Isack Hadjar,French,Red Bull,4.0,0
2026,13,Gabriel Bortoleto,Brazilian,Audi,2.0,0
2026,14,Carlos Sainz,Spanish,Williams,2.0,0
2026,15,Esteban Ocon,French,Haas F1 Team,1.0,0
2026,16,Franco Colapinto,Argentine,Alpine F1 Team,1.0,0
2026,17,Nico Hülkenberg,German,Audi,0.0,0
2026,18,Alexander Albon,Thai,Williams,0.0,0
2026,19,Valtteri Bottas,Finnish,Cadillac F1 Team,0.0,0
2026,20,Sergio Pérez,Mexican,Cadillac F1 Team,0.0,0
2026,21,Fernando Alonso,Spanish,Aston Martin,0.0,0
2026,22,Lance Stroll,Canadian,Aston Martin,0.0,0
